Pack ID / Elevation(s) / Pack-Option Name Cleaned,Richmond_Pack_ID,Shipping_Order,Elevation_Letters,Option_Codes,Pack_Name,Item_Type,Old_Code,New_Phase_Code,New_Elevation_Code,New_Item_Code,New_Full_Code,Notes
|09.00 WO BASEMENT WALLS     ,|09.00 WO BASEMENT WALLS,1,,WO,WO BASEMENT WALLS,Framing,XXXX-09.00-00-1000,009.000,**,1000,PPPP-009.000-**-1000,Universal walkout basement
|09.20 WO BASEMENT WALLS 2    ,|09.20 WO BASEMENT WALLS 2,1,,WO2,WO BASEMENT WALLS 2,Framing,XXXX-09.20-1000,009.200,**,1000,PPPP-009.200-**-1000,Walkout basement variant 2
|10.00 FOUNDATION       ,|10.00 FOUNDATION,1,,,FOUNDATION,Framing,XXXX-10-1000,010.000,**,1000,PPPP-010.000-**-1000,Universal foundation
|10.01 OPT FOUNDATION      ,|10.01 OPT FOUNDATION,1,,FPSING01,OPT FOUNDATION,Framing,XXXX-10.01-1000,010.010,**,1000,PPPP-010.010-**-1000,Fireplace single foundation option
|10.60 EXTENDED GREAT ROOM FOUNDATION    ,|10.60 EXTENDED GREAT ROOM FOUNDATION,1,,XGREAT,EXTENDED GREAT ROOM FOUNDATION,Framing,XXXX-10.6-1000,010.600,**,1000,PPPP-010.600-**-1000,Extended great room foundation
|10.61 SUNROOM FOUNDATION      ,|10.61 SUNROOM FOUNDATION,1,,SUN,SUNROOM FOUNDATION,Framing,XXXX-10.61-1000,010.610,**,1000,PPPP-010.610-**-1000,Sunroom foundation
|10.82 OPT DEN FOUNDATION     ,|10.82 OPT DEN FOUNDATION,1,,,OPT DEN FOUNDATION,Framing,XXXX-10.82-1000,010.820,**,1000,PPPP-010.820-**-1000,Den foundation universal
|10.82 OPT DEN FOUNDATION     ,|10.82 OPT DEN FOUNDATION,1,"B, C, D","ELVB, ELVC, ELVD",OPT DEN FOUNDATION,Framing,XXXX-10.82-1000,010.820,BCD,1000,PPPP-010.820-BCD-1000,Den foundation elevations B/C/D only
|10.83 OPT DEN W/FULL BATH FOUNDATION   ,|10.83 OPT DEN W/FULL BATH FOUNDATION,1,"B, C, D","ELVB, ELVC, ELVD",OPT DEN W/FULL BATH FOUNDATION,Framing,XXXX-10.83-1000,010.830,BCD,1000,PPPP-010.830-BCD-1000,Den with full bath elevations B/C/D
|10.tc TALLCRAWL FRAMING      ,|10.tc TALLCRAWL FRAMING,1,,TALLCRWL,TALLCRAWL FRAMING,Framing,XXXX-10.tc-1000,010.900,**,1000,PPPP-010.900-**-1000,Tall crawlspace (using .9xx for special variants)
|10.00 FOUNDATION       ,|10.00 FOUNDATION,1,"B, C, D","ELVB, ELVC, ELVD",FOUNDATION,Framing,XXXX-10-1000,010.000,BCD,1000,PPPP-010.000-BCD-1000,Foundation elevations B/C/D specific
|11.00 MAIN JOIST SYSTEM @FOUNDATION    ,|11.00 MAIN JOIST SYSTEM @FOUNDATION,1,,,MAIN JOIST SYSTEM @FOUNDATION,Framing,XXXX-11-1000,011.000,**,1000,PPPP-011.000-**-1000,Universal joist system
|11.01 MAIN JOIST SYSTEM FIREPLACE ADD ON @FOUNDATION ,|11.01 MAIN JOIST SYSTEM FIREPLACE ADD ON @FOUNDATION,1,,FPSING,MAIN JOIST SYSTEM FIREPLACE ADD ON @FOUNDATION,Framing,XXXX-11.01-1000,011.010,**,1000,PPPP-011.010-**-1000,Joist system fireplace addon
|11.60 MAIN JOIST SYSTEM @ EXTENDED GREAT ROOM ,|11.60 MAIN JOIST SYSTEM @ EXTENDED GREAT ROOM,1,,XGREAT,MAIN JOIST SYSTEM @ EXTENDED GREAT ROOM,Framing,XXXX-11.6-1000,011.600,**,1000,PPPP-011.600-**-1000,Joist system for extended great room
|11.62 MAIN JOIST SYSTEM LOFT 2 ADD ON @FOUNDATION,|11.62 MAIN JOIST SYSTEM LOFT 2 ADD ON @FOUNDATION,1,,LOFT2,MAIN JOIST SYSTEM LOFT 2 ADD ON @FOUNDATION,Framing,XXXX-11.62-1000,011.620,**,1000,PPPP-011.620-**-1000,Joist system loft 2 addon
|12.00 OPT 3RD CAR GARAGE FOUNDATION   ,|12.00 OPT 3RD CAR GARAGE FOUNDATION,1,"3CARA, 3CARB, 3CARC","3CARA, 3CARB, 3CARC",OPT 3RD CAR GARAGE FOUNDATION,Framing,XXXX-12-1000,012.000,**,1000,PPPP-012.000-**-1000,3rd car garage universal (option-driven not elevation)
|12.40 OPT 4 CAR GARAGE TANDEM FOUNDATION  ,|12.40 OPT 4 CAR GARAGE TANDEM FOUNDATION,1,"4CARTA, 4CARTB, 4CARTC","4CARTA, 4CARTB, 4CARTC",OPT 4 CAR GARAGE TANDEM FOUNDATION,Framing,XXXX-12.4-1000,012.400,**,1000,PPPP-012.400-**-1000,4 car tandem garage (option-driven)
|12.2x OPT 2 CAR GARAGE 2' EXT FOUNDATION ,|12.2x OPT 2 CAR GARAGE 2' EXT FOUNDATION,1,,GAREXT2,OPT 2 CAR GARAGE 2' EXT FOUNDATION,Framing,XXXX-12.2x-1000,012.020,**,1000,PPPP-012.020-**-1000,2 car garage 2 foot extension
|12.4x OPT 2 CAR GARAGE 4' EXT FOUNDATION ,|12.4x OPT 2 CAR GARAGE 4' EXT FOUNDATION,1,"A, B, C","2CAR4XA, 2CAR4XB, 2CAR4XC",OPT 2 CAR GARAGE 4' EXT FOUNDATION,Framing,XXXX-12.4x-1000,012.040,ABC,1000,PPPP-012.040-ABC-1000,2 car garage 4 foot extension elevations A/B/C
|12.5x OPT 2 CAR GARAGE 5' EXT FOUNDATION ,|12.5x OPT 2 CAR GARAGE 5' EXT FOUNDATION,1,"A, B","2CAR5XA, 2CAR5XB",OPT 2 CAR GARAGE 5' EXT FOUNDATION,Framing,XXXX-12.5x-1000,012.050,AB,1000,PPPP-012.050-AB-1000,2 car garage 5 foot extension elevations A/B
|12.00 3RD CAR GARAGE FOUNDATION    ,|12.00 3RD CAR GARAGE FOUNDATION,1,"A, B, D","3CARA, 3CARB, 3CARD",3RD CAR GARAGE FOUNDATION,Framing,XXXX-12-1000,012.000,ABD,1000,PPPP-012.000-ABD-1000,3rd car garage elevations A/B/D
|12.00 3RD CAR GARAGE FOUNDATION    ,|12.00 3RD CAR GARAGE FOUNDATION,1,"B, C, D","3CARB, 3CARC, 3CARD",3RD CAR GARAGE FOUNDATION,Framing,XXXX-12-1000,012.000,BCD,1000,PPPP-012.000-BCD-1000,3rd car garage elevations B/C/D
|13.10 COVERED PATIO FOUNDATION     ,|13.10 COVERED PATIO FOUNDATION,1,,COVP,COVERED PATIO FOUNDATION,Framing,XXXX-13.1-1000,013.100,**,1000,PPPP-013.100-**-1000,Covered patio 1 foundation
|13.20 COVERED PATIO 2 FOUNDATION    ,|13.20 COVERED PATIO 2 FOUNDATION,1,,COVP2,COVERED PATIO 2 FOUNDATION,Framing,XXXX-13.2-1000,013.200,**,1000,PPPP-013.200-**-1000,Covered patio 2 foundation
|13.20 COVERED PATIO 2 FOUNDATION    ,|13.20 COVERED PATIO 2 FOUNDATION,1,,COVP2,COVERED PATIO 2 FOUNDATION,Framing,XXXX-13.2-1000,013.200,**,1000,PPPP-013.200-**-1000,Covered patio 2 foundation (duplicate)
|13.30 COVERED PATIO 3 FOUNDATION    ,|13.30 COVERED PATIO 3 FOUNDATION,1,,COVP3,COVERED PATIO 3 FOUNDATION,Framing,XXXX-13.3-1000,013.300,**,1000,PPPP-013.300-**-1000,Covered patio 3 foundation
|14.10 DECK FOUNDATION      ,|14.10 DECK FOUNDATION,1,,DECK,DECK FOUNDATION,Framing,XXXX-14.1-1000,014.100,**,1000,PPPP-014.100-**-1000,Deck 1 foundation
|14.20 DECK FOUNDATION      ,|14.20 DECK FOUNDATION,1,,DECK2,DECK FOUNDATION,Framing,XXXX-14.2-1000,014.200,**,1000,PPPP-014.200-**-1000,Deck 2 foundation
|14.30 DECK FOUNDATION      ,|14.30 DECK FOUNDATION,1,,DECK3,DECK FOUNDATION,Framing,XXXX-14.3-1000,014.300,**,1000,PPPP-014.300-**-1000,Deck 3 foundation
|15.10 COVERED DECK FOUNDATION     ,|15.10 COVERED DECK FOUNDATION,1,,COVD,COVERED DECK FOUNDATION,Framing,XXXX-15.1-1000,015.100,**,1000,PPPP-015.100-**-1000,Covered deck 1 foundation
|15.20 COVERED DECK FOUNDATION     ,|15.20 COVERED DECK FOUNDATION,1,,COVD2,COVERED DECK FOUNDATION,Framing,XXXX-15.2-1000,015.200,**,1000,PPPP-015.200-**-1000,Covered deck 2 foundation
|15.30 COVERED DECK FOUNDATION     ,|15.30 COVERED DECK FOUNDATION,1,,COVD3,COVERED DECK FOUNDATION,Framing,XXXX-15.3-1000,015.300,**,1000,PPPP-015.300-**-1000,Covered deck 3 foundation
|16.10 TRUSSED MAIN FLOOR OVER BASEMENT   ,|16.10 TRUSSED MAIN FLOOR OVER BASEMENT,1,,WO,TRUSSED MAIN FLOOR OVER BASEMENT,Framing,XXXX-16.1-1000,016.100,**,1000,PPPP-016.100-**-1000,Trussed floor over basement
|16.61 WO BSMT MAIN FLOOR    ,|16.61 WO BSMT MAIN FLOOR,1,,SUNWO,WO BSMT MAIN FLOOR,Framing,XXXX-16.61-1000,016.610,**,1000,PPPP-016.610-**-1000,Walkout basement with sunroom floor
"16.10, 16.20 OPT WO BASEMENT MAIN FLOOR SYSTEM  ","16.10, 16.20 OPT WO BASEMENT MAIN FLOOR SYSTEM",1,"WO, WO2","WO, WO2",OPT WO BASEMENT MAIN FLOOR SYSTEM,Framing,"XXXX-16.10, 16.20-1000",016.100,**,1000,PPPP-016.100-**-1000,Combined walkout basement floor system (use 16.10 as primary)
|18.82 OPT DEN SUBFLOOR     ,|18.82 OPT DEN SUBFLOOR,2,,,OPT DEN SUBFLOOR,Framing,XXXX-18.82-1000,018.820,**,1000,PPPP-018.820-**-1000,Den subfloor universal
|18.82 OPT DEN SUBFLOOR     ,|18.82 OPT DEN SUBFLOOR,2,"B, C, D","ELVB, ELVC, ELVD",OPT DEN SUBFLOOR,Framing,XXXX-18.82-1000,018.820,BCD,1000,PPPP-018.820-BCD-1000,Den subfloor elevations B/C/D
|18.83 OPT DEN W/FULL BATH SUBFLOOR   ,|18.83 OPT DEN W/FULL BATH SUBFLOOR,2,"B, C, D","ELVB, ELVC, ELVD",OPT DEN W/FULL BATH SUBFLOOR,Framing,XXXX-18.83-1000,018.830,BCD,1000,PPPP-018.830-BCD-1000,Den with full bath subfloor B/C/D
|18.00 MAIN SUBFLOOR      ,|18.00 MAIN SUBFLOOR,2,"B, C, D","ELVB, ELVC, ELVD",MAIN SUBFLOOR,Framing,XXXX-18-1000,018.000,BCD,1000,PPPP-018.000-BCD-1000,Main subfloor elevations B/C/D
|20.00 MAIN FLOOR WALLS     ,|20.00 MAIN FLOOR WALLS,3,,,MAIN FLOOR WALLS,Framing,XXXX-20-1000,020.000,**,1000,PPPP-020.000-**-1000,Universal main floor walls
|20.01 OPT DBL      ,|20.01 OPT DBL SIDED FIREPLACE,3,,,OPT DBL SIDED FIREPLACE,Framing,XXXX-20.01-1000,020.010,**,1000,PPPP-020.010-**-1000,Double-sided fireplace option
|20.02 OPT GREAT ROOM WINDOWS    ,|20.02 OPT GREAT ROOM WINDOWS,3,,WDWGREAT,OPT GREAT ROOM WINDOWS,Framing,XXXX-20.02-1000,020.020,**,1000,PPPP-020.020-**-1000,Great room windows option
|20.02 OPT ALT GREAT ROOM WINDOWS W/ FIREPLACE ,|20.02 OPT ALT GREAT ROOM WINDOWS W/ FIREPLACE,3,,WDWGRALT,OPT ALT GREAT ROOM WINDOWS W/ FIREPLACE,Framing,XXXX-20.02-1000,020.021,**,1000,PPPP-020.021-**-1000,Alternate great room windows with fireplace
|20.02 OPT GREAT ROOM WINDOW(S) @ EXT GRT RM,|20.02 OPT GREAT ROOM WINDOW(S) @ EXT GRT RM,3,,WDWGRTX,OPT GREAT ROOM WINDOW(S) @ EXT GRT RM,Framing,XXXX-20.02-1000,020.022,**,1000,PPPP-020.022-**-1000,Great room windows at extended great room
|20.06 OPT FLEX WINDOW     ,|20.06 OPT FLEX WINDOW,3,,,OPT FLEX WINDOW,Framing,XXXX-20.06-1000,020.060,**,1000,PPPP-020.060-**-1000,Flex room window option
|20.12 OPT CENTER MEET DOOR    ,|20.12 OPT CENTER MEET DOOR,3,,MSLIDE1,OPT CENTER MEET DOOR,Framing,XXXX-20.12-1000,020.120,**,1000,PPPP-020.120-**-1000,Center meet sliding door option
|20.2l OPT CENTER MEET DOOR @ LOFT  ,|20.2l OPT CENTER MEET DOOR @ LOFT,3,,MSLIDE1,OPT CENTER MEET DOOR @ LOFT,Framing,XXXX-20.2l-1000,020.210,**,1000,PPPP-020.210-**-1000,Center meet door at loft
|20.13 OPT MULT      ,|20.13 OPT MULT,3,"SLIDE DOOR, MSLIDE2","SLIDE DOOR, MSLIDE2",OPT MULT,Framing,XXXX-20.13-1000,020.130,**,1000,PPPP-020.130-**-1000,Multi-slide door option
|20.3l OPT MULTI      ,|20.3l OPT MULTI,3,"SLIDE DOOR @ LOFT, MSLIDE2","SLIDE DOOR @ LOFT, MSLIDE2",OPT MULTI,Framing,XXXX-20.3l-1000,020.310,**,1000,PPPP-020.310-**-1000,Multi-slide door at loft
|20.14 OPT BEDROOM 2 WINDOW    ,|20.14 OPT BEDROOM 2 WINDOW,3,,WDWBR2,OPT BEDROOM 2 WINDOW,Framing,XXXX-20.14-1000,020.140,**,1000,PPPP-020.140-**-1000,Bedroom 2 window option
|20.15 OPT BEDROOM 3 WINDOW    ,|20.15 OPT BEDROOM 3 WINDOW,3,,WDWBR3,OPT BEDROOM 3 WINDOW,Framing,XXXX-20.15-1000,020.150,**,1000,PPPP-020.150-**-1000,Bedroom 3 window option
|20.15 OPT BEDROOM 3 WINDOW    ,|20.15 OPT BEDROOM 3 WINDOW,3,,WDWBR3,OPT BEDROOM 3 WINDOW,Framing,XXXX-20.15-1000,020.150,**,1000,PPPP-020.150-**-1000,Bedroom 3 window option (duplicate)
|20.16 OPT BEDROOM 4 WINDOW    ,|20.16 OPT BEDROOM 4 WINDOW,3,,WDWBR4,OPT BEDROOM 4 WINDOW,Framing,XXXX-20.16-1000,020.160,**,1000,PPPP-020.160-**-1000,Bedroom 4 window option
|20.17 OPT BEDROOM 5 WINDOW    ,|20.17 OPT BEDROOM 5 WINDOW,3,,WDWBR5,OPT BEDROOM 5 WINDOW,Framing,XXXX-20.17-1000,020.170,**,1000,PPPP-020.170-**-1000,Bedroom 5 window option
|20.19 OPT STUDY WINDOW     ,|20.19 OPT STUDY WINDOW,3,,WDWSTUDY,OPT STUDY WINDOW,Framing,XXXX-20.19-1000,020.190,**,1000,PPPP-020.190-**-1000,Study window option
|20.20 OPT POWDER      ,|20.20 OPT POWDER,3,,ABAPWDR,OPT POWDER,Framing,XXXX-20.2-1000,020.200,**,1000,PPPP-020.200-**-1000,Powder room option
|20.21 OPT DBA DELUXE MASTER BATH 1  ,|20.21 OPT DBA DELUXE MASTER BATH 1,3,,DBA,OPT DBA DELUXE MASTER BATH 1,Framing,XXXX-20.21-1000,020.210,**,1000,PPPP-020.211-**-1000,Deluxe master bath option 1
|20.22 OPT DBA2 DELUXE MASTER BATH 2  ,|20.22 OPT DBA2 DELUXE MASTER BATH 2,3,,DBA2,OPT DBA2 DELUXE MASTER BATH 2,Framing,XXXX-20.22-1000,020.220,**,1000,PPPP-020.220-**-1000,Deluxe master bath option 2
|20.23 OPT DBA DELUXE MASTER BATH 3  ,|20.23 OPT DELUXE BATH 2,3,,DBB,OPT DELUXE BATH 2,Framing,XXXX-20.23-1000,020.230,**,1000,PPPP-020.230-**-1000,Deluxe bath 2 option
|20.24 OPT BEDROOM 4     ,|20.30 OPT PB3 POWDER @ BATH 3,3,,PB3,OPT PB3 POWDER @ BATH 3,Framing,XXXX-20.3-1000,020.300,**,1000,PPPP-020.300-**-1000,Powder room at bath 3
|20.24 OPT BEDROOM 4     ,|20.40 OPT FINISHED CEILING,3,,FINCEL,OPT FINISHED CEILING,Framing,XXXX-20.4-1000,020.400,**,1000,PPPP-020.400-**-1000,Finished ceiling option
|20.25 OPT BEDROOM 5 W/ BATHROOM   ,|20.50 OPT NOOK AREA,3,,NOOK,OPT NOOK AREA,Framing,XXXX-20.5-1000,020.500,**,1000,PPPP-020.500-**-1000,Nook area option
|20.27 OPT STUDY      ,|20.60 EXTENDED GREAT ROOM,3,,XGREAT,EXTENDED GREAT ROOM,Framing,XXXX-20.6-1000,020.600,**,1000,PPPP-020.600-**-1000,Extended great room framing
|20.28 OPT DINING ROOM     ,|20.61 SUNROOM,3,,SUN,SUNROOM,Framing,XXXX-20.61-1000,020.610,**,1000,PPPP-020.610-**-1000,Sunroom framing
|20.29 OPT BED W/ BATHROOM ILO DEN  ,|20.70 OPT ENLARGED MASTER CLOSET,3,,XMC,OPT ENLARGED MASTER CLOSET,Framing,XXXX-20.7-1000,020.700,**,1000,PPPP-020.700-**-1000,Enlarged master closet option
|20.33 OPT FRENCH DOUBLE DOOR    ,|20.82 OPT DEN,3,,,OPT DEN,Framing,XXXX-20.82-1000,020.820,**,1000,PPPP-020.820-**-1000,Den framing universal
|20.34 OPT POCKET OFFICE     ,|20.82 OPT DEN,3,"B, C, D","ELVB, ELVC, ELVD",OPT DEN,Framing,XXXX-20.82-1000,020.820,BCD,1000,PPPP-020.820-BCD-1000,Den framing elevations B/C/D
|20.41 OPT DINING ROOM COFFERED CEILING   ,|20.83 OPT DEN W/FULL BATH,3,"B, C, D","ELVB, ELVC, ELVD",OPT DEN W/FULL BATH,Framing,XXXX-20.83-1000,020.830,BCD,1000,PPPP-020.830-BCD-1000,Den with full bath elevations B/C/D
|20.42 OPT MBR COFFERED CEILING    ,|20.90 OPT MUD ROOM,3,,MUD,OPT MUD ROOM,Framing,XXXX-20.9-1000,020.900,**,1000,PPPP-020.900-**-1000,Mud room option
|20.43 OPT ENTRY COFFERED CEILING    ,|20.91 OPT BED 5 ILO OPEN TO BELOW,3,,BR5,OPT BED 5 ILO OPEN TO BELOW,Framing,XXXX-20.91-1000,020.910,**,1000,PPPP-020.910-**-1000,Bedroom 5 in lieu of open to below
|20.44 OPT LIVING ROOM COFFERED CEILING   ,|22.00 MAIN FLOOR HEADERS,3,,,MAIN FLOOR HEADERS,Framing,XXXX-22-1000,022.000,**,1000,PPPP-022.000-**-1000,Universal main floor headers
|20.50 OPT BOOKCASE STUDY     ,|22.82 OPT DEN HEADERS,3,"B, C, D","ELVB, ELVC, ELVD",OPT DEN HEADERS,Framing,XXXX-22.82-1000,022.820,BCD,1000,PPPP-022.820-BCD-1000,Den headers elevations B/C/D
|20.60 EXTENDED GREAT ROOM WALLS    ,|22.83 OPT DEN W/FULL BATH HEADERS,3,"B, C, D","ELVB, ELVC, ELVD",OPT DEN W/FULL BATH HEADERS,Framing,XXXX-22.83-1000,022.830,BCD,1000,PPPP-022.830-BCD-1000,Den with full bath headers B/C/D
|20.61 MAIN WALLS SUNROOM     ,|24.82 OPT DEN DOORS WINDOWS,3,"B, C, D","ELVB, ELVC, ELVD",OPT DEN DOORS WINDOWS,Framing,XXXX-24.82-1000,024.820,BCD,1000,PPPP-024.820-BCD-1000,Den doors/windows elevations B/C/D
|20.70 MAIN WALL OPT BDR 3   ,|24.83 OPT DEN W/FULL BATH DOORS WINDOWS,3,"B, C, D","ELVB, ELVC, ELVD",OPT DEN W/FULL BATH DOORS WINDOWS,Framing,XXXX-24.83-1000,024.830,BCD,1000,PPPP-024.830-BCD-1000,Den with full bath doors/windows B/C/D
|20.81 OPT CLUBHOUSE RETREAT     ,|30.00 UPPER WALLS,4,,,UPPER WALLS,Framing,XXXX-30-1000,030.000,**,1000,PPPP-030.000-**-1000,Universal upper floor walls
|20.82 OPT DEN WALLS     ,|30.00 UPPER WALLS,4,"B, C, D","ELVB, ELVC, ELVD",UPPER WALLS,Framing,XXXX-30-1000,030.000,BCD,1000,PPPP-030.000-BCD-1000,Upper walls elevations B/C/D
|20.82 OPT DEN WALLS     ,|30.62 MAIN JOIST SYSTEM LOFT 2 WALLS,4,,LOFT2,MAIN JOIST SYSTEM LOFT 2 WALLS,Framing,XXXX-30.62-1000,030.620,**,1000,PPPP-030.620-**-1000,Loft 2 walls
|20.82 OPT DEN WALLS     ,|32.00 UPPER FLOOR HEADERS,4,,,UPPER FLOOR HEADERS,Framing,XXXX-32-1000,032.000,**,1000,PPPP-032.000-**-1000,Universal upper floor headers
|20.83 OPT DEN W/FULL BATH WALLS   ,|32.00 UPPER FLOOR HEADERS,4,"B, C, D","ELVB, ELVC, ELVD",UPPER FLOOR HEADERS,Framing,XXXX-32-1000,032.000,BCD,1000,PPPP-032.000-BCD-1000,Upper floor headers elevations B/C/D
|20.83 OPT DEN W/ FULL BALL WALLS  ,|34.00 UPPER FLOOR DOORS AND WINDOWS,4,,,UPPER FLOOR DOORS AND WINDOWS,Framing,XXXX-34-1000,034.000,**,1000,PPPP-034.000-**-1000,Universal upper doors/windows
|20.ak Alternate Kitchen      ,|34.00 UPPER FLOOR DOORS AND WINDOWS,4,"B, C, D","ELVB, ELVC, ELVD",UPPER FLOOR DOORS AND WINDOWS,Framing,XXXX-34-1000,034.000,BCD,1000,PPPP-034.000-BCD-1000,Upper doors/windows elevations B/C/D
|20.lo MAIN FLOOR WALLS (LOFT)    ,|40.00 ROOF TRUSSES,5,A,,ROOF TRUSSES,Framing,XXXX-40-1000,040.000,A,1000,PPPP-040.000-A-1000,Roof trusses elevation A
|20.nl MAIN FLOOR WALLS (NO LOFT)   ,|40.00 ROOF TRUSSES,5,B,,ROOF TRUSSES,Framing,XXXX-40-1000,040.000,B,1000,PPPP-040.000-B-1000,Roof trusses elevation B
|20.00 MAIN FLOOR WALLS     ,|40.00 ROOF TRUSSES,5,C,,ROOF TRUSSES,Framing,XXXX-40-1000,040.000,C,1000,PPPP-040.000-C-1000,Roof trusses elevation C
|20.00 MAIN FLOOR WALLS     ,|40.00 ROOF TRUSSES,5,D,,ROOF TRUSSES,Framing,XXXX-40-1000,040.000,D,1000,PPPP-040.000-D-1000,Roof trusses elevation D
|20.00 MAIN WALLS      ,|40.00 ROOF TRUSSES,5,"B, C, D","ELVB, ELVC, ELVD",ROOF TRUSSES,Framing,XXXX-40-1000,040.000,BCD,1000,PPPP-040.000-BCD-1000,Roof trusses elevations B/C/D
|20.ma FRAMING MASONRY      ,|40.10 GARAGE TRUSSES,5,,,GARAGE TRUSSES,Framing,XXXX-40.1-1000,040.100,**,1000,PPPP-040.100-**-1000,Universal garage trusses
|20.rf MAIN WALLS READYFRAME     ,|40.60 EXTENDED GREAT ROOM TRUSSES,5,,XGREAT,EXTENDED GREAT ROOM TRUSSES,Framing,XXXX-40.6-1000,040.600,**,1000,PPPP-040.600-**-1000,Extended great room trusses
|22.40 OPT 4 CAR GARAGE TANDEM WALLS  ,|40.61 SUNROOM TRUSSES,5,,SUN,SUNROOM TRUSSES,Framing,XXXX-40.61-1000,040.610,**,1000,PPPP-040.610-**-1000,Sunroom trusses
|22.40 OPT 4 CAR GARAGE TANDEM WALLS  ,|40.82 OPT DEN TRUSSES,5,"B, C, D","ELVB, ELVC, ELVD",OPT DEN TRUSSES,Framing,XXXX-40.82-1000,040.820,BCD,1000,PPPP-040.820-BCD-1000,Den trusses elevations B/C/D
|22.4x OPT 2 CAR GARAGE 4' EXT WALLS ,|40.83 OPT DEN W/FULL BATH TRUSSES,5,"B, C, D","ELVB, ELVC, ELVD",OPT DEN W/FULL BATH TRUSSES,Framing,XXXX-40.83-1000,040.830,BCD,1000,PPPP-040.830-BCD-1000,Den with full bath trusses B/C/D
|22.4x OPT 2 CAR GARAGE 4' EXT WALLS ,|42.10 3RD CAR GARAGE TRUSSES,5,,,3RD CAR GARAGE TRUSSES,Framing,XXXX-42.1-1000,042.100,**,1000,PPPP-042.100-**-1000,3rd car garage trusses
|22.4x OPT 2 CAR GARAGE 4' EXT WALLS ,|42.40 4 CAR GARAGE TANDEM TRUSSES,5,,,4 CAR GARAGE TANDEM TRUSSES,Framing,XXXX-42.4-1000,042.400,**,1000,PPPP-042.400-**-1000,4 car tandem garage trusses
|22.2x OPT EXTENDED GARAGE WALLS    ,|42.2x OPT 2 CAR GARAGE 2' EXT TRUSSES,5,,GAREXT2,OPT 2 CAR GARAGE 2' EXT TRUSSES,Framing,XXXX-42.2x-1000,042.020,**,1000,PPPP-042.020-**-1000,2 car garage 2 foot extension trusses
|22.2x OPT EXTENDED GARAGE WALLS    ,|42.4x OPT 2 CAR GARAGE 4' EXT TRUSSES,5,"A, B, C","2CAR4XA, 2CAR4XB, 2CAR4XC",OPT 2 CAR GARAGE 4' EXT TRUSSES,Framing,XXXX-42.4x-1000,042.040,ABC,1000,PPPP-042.040-ABC-1000,2 car garage 4 foot ext trusses A/B/C
|22.4x OPT 2 CAR GARAGE 4' EXT WALLS ,|42.5x OPT 2 CAR GARAGE 5' EXT TRUSSES,5,"A, B","2CAR5XA, 2CAR5XB",OPT 2 CAR GARAGE 5' EXT TRUSSES,Framing,XXXX-42.5x-1000,042.050,AB,1000,PPPP-042.050-AB-1000,2 car garage 5 foot ext trusses A/B
|22.5x OPT 2 CAR GARAGE 5' EXT WALLS ,|43.10 COVERED PATIO TRUSSES,5,,COVP,COVERED PATIO TRUSSES,Framing,XXXX-43.1-1000,043.100,**,1000,PPPP-043.100-**-1000,Covered patio 1 trusses
|22.5x OPT 2 CAR GARAGE 5' EXT WALLS ,|43.20 COVERED PATIO 2 TRUSSES,5,,COVP2,COVERED PATIO 2 TRUSSES,Framing,XXXX-43.2-1000,043.200,**,1000,PPPP-043.200-**-1000,Covered patio 2 trusses
|22.00 3RD CAR GARAGE WALLS    ,|43.30 COVERED PATIO 3 TRUSSES,5,,COVP3,COVERED PATIO 3 TRUSSES,Framing,XXXX-43.3-1000,043.300,**,1000,PPPP-043.300-**-1000,Covered patio 3 trusses
|22.00 3RD CAR GARAGE WALLS    ,|45.10 COVERED DECK TRUSSES,5,,COVD,COVERED DECK TRUSSES,Framing,XXXX-45.1-1000,045.100,**,1000,PPPP-045.100-**-1000,Covered deck 1 trusses
|22.00 3RD CAR GARAGE WALLS    ,|45.20 COVERED DECK 2 TRUSSES,5,,COVD2,COVERED DECK 2 TRUSSES,Framing,XXXX-45.2-1000,045.200,**,1000,PPPP-045.200-**-1000,Covered deck 2 trusses
|23.00 COVERED PATIO      ,|45.30 COVERED DECK 3 TRUSSES,5,,COVD3,COVERED DECK 3 TRUSSES,Framing,XXXX-45.3-1000,045.300,**,1000,PPPP-045.300-**-1000,Covered deck 3 trusses
|23.10 COVERED PATIO      ,|50.00 ROOFING,6,A,,ROOFING,Framing,XXXX-50-1000,050.000,A,1000,PPPP-050.000-A-1000,Roofing elevation A
|23.20 COVERED PATIO 2     ,|50.00 ROOFING,6,A,LOFT2,ROOFING,Framing,XXXX-50-1000,050.000,A,1000,PPPP-050.000-A-1000,Roofing elevation A with loft 2
|23.20 COVERED PATIO 2     ,|50.00 ROOFING,6,B,,ROOFING,Framing,XXXX-50-1000,050.000,B,1000,PPPP-050.000-B-1000,Roofing elevation B
|23.30 COVERED PATIO 3     ,|50.00 ROOFING,6,B,LOFT2,ROOFING,Framing,XXXX-50-1000,050.000,B,1000,PPPP-050.000-B-1000,Roofing elevation B with loft 2
|23.61 SUNROOM COVERED PATIO     ,|50.00 ROOFING,6,C,,ROOFING,Framing,XXXX-50-1000,050.000,C,1000,PPPP-050.000-C-1000,Roofing elevation C
|23.sr COVERED PATIO @ SUNROOM    ,|50.00 ROOFING,6,C,LOFT2,ROOFING,Framing,XXXX-50-1000,050.000,C,1000,PPPP-050.000-C-1000,Roofing elevation C with loft 2
|23.xc EXTENDED COVERED PATIO     ,|50.00 ROOFING,6,D,,ROOFING,Framing,XXXX-50-1000,050.000,D,1000,PPPP-050.000-D-1000,Roofing elevation D
|24.00 DECK FRAMING      ,|50.00 ROOFING,6,D,LOFT2,ROOFING,Framing,XXXX-50-1000,050.000,D,1000,PPPP-050.000-D-1000,Roofing elevation D with loft 2
|24.10 DECK FRAMING      ,|50.00 ROOFING,6,"B, C, D","ELVB, ELVC, ELVD",ROOFING,Framing,XXXX-50-1000,050.000,BCD,1000,PPPP-050.000-BCD-1000,Roofing elevations B/C/D
|24.20 DECK FRAMING      ,|50.60 EXTENDED GREAT ROOM ROOFING,6,,XGREAT,EXTENDED GREAT ROOM ROOFING,Framing,XXXX-50.6-1000,050.600,**,1000,PPPP-050.600-**-1000,Extended great room roofing
|24.30 DECK FRAMING      ,|50.61 SUNROOM ROOFING,6,,SUN,SUNROOM ROOFING,Framing,XXXX-50.61-1000,050.610,**,1000,PPPP-050.610-**-1000,Sunroom roofing
|24.60 DECK FRAMING @ EXT GRT RM WALKOUT ,|50.82 OPT DEN ROOFING,6,"B, C, D","ELVB, ELVC, ELVD",OPT DEN ROOFING,Framing,XXXX-50.82-1000,050.820,BCD,1000,PPPP-050.820-BCD-1000,Den roofing elevations B/C/D
|24.ed EXT DECK FRAMING     ,|50.83 OPT DEN W/FULL BATH ROOFING,6,"B, C, D","ELVB, ELVC, ELVD",OPT DEN W/FULL BATH ROOFING,Framing,XXXX-50.83-1000,050.830,BCD,1000,PPPP-050.830-BCD-1000,Den with full bath roofing B/C/D
|24.sr DECK FRAMING @ SUNROOM    ,|52.00 GARAGE ROOFING,6,,,GARAGE ROOFING,Framing,XXXX-52-1000,052.000,**,1000,PPPP-052.000-**-1000,Universal garage roofing
|24.sr DECK FRAMING @ SUNROOM    ,|52.10 3RD CAR GARAGE ROOFING,6,,,3RD CAR GARAGE ROOFING,Framing,XXXX-52.1-1000,052.100,**,1000,PPPP-052.100-**-1000,3rd car garage roofing
|25.10 COVERED DECK      ,|52.40 4 CAR GARAGE TANDEM ROOFING,6,,,4 CAR GARAGE TANDEM ROOFING,Framing,XXXX-52.4-1000,052.400,**,1000,PPPP-052.400-**-1000,4 car tandem garage roofing
|25.10 COVERED DECK FRAMING     ,|52.2x OPT 2 CAR GARAGE 2' EXT ROOFING,6,,GAREXT2,OPT 2 CAR GARAGE 2' EXT ROOFING,Framing,XXXX-52.2x-1000,052.020,**,1000,PPPP-052.020-**-1000,2 car garage 2 foot ext roofing
|25.1s COVERED DECK STAIR FRAMING    ,|52.4x OPT 2 CAR GARAGE 4' EXT ROOFING,6,"A, B, C","2CAR4XA, 2CAR4XB, 2CAR4XC",OPT 2 CAR GARAGE 4' EXT ROOFING,Framing,XXXX-52.4x-1000,052.040,ABC,1000,PPPP-052.040-ABC-1000,2 car garage 4 foot ext roofing A/B/C
|25.20 COVERED DECK FRAMING     ,|52.5x OPT 2 CAR GARAGE 5' EXT ROOFING,6,"A, B","2CAR5XA, 2CAR5XB",OPT 2 CAR GARAGE 5' EXT ROOFING,Framing,XXXX-52.5x-1000,052.050,AB,1000,PPPP-052.050-AB-1000,2 car garage 5 foot ext roofing A/B
|25.30 COVERED DECK FRAMING     ,|53.10 COVERED PATIO ROOFING,6,,COVP,COVERED PATIO ROOFING,Framing,XXXX-53.1-1000,053.100,**,1000,PPPP-053.100-**-1000,Covered patio 1 roofing
|25.tc DECK FRAMING      ,|53.20 COVERED PATIO 2 ROOFING,6,,COVP2,COVERED PATIO 2 ROOFING,Framing,XXXX-53.2-1000,053.200,**,1000,PPPP-053.200-**-1000,Covered patio 2 roofing
|27.00 MAIN FLOOR SHAFTLINER     ,|53.30 COVERED PATIO 3 ROOFING,6,,COVP3,COVERED PATIO 3 ROOFING,Framing,XXXX-53.3-1000,053.300,**,1000,PPPP-053.300-**-1000,Covered patio 3 roofing
|30.00 2ND FLOOR SYSTEM     ,|55.10 COVERED DECK ROOFING,6,,COVD,COVERED DECK ROOFING,Framing,XXXX-55.1-1000,055.100,**,1000,PPPP-055.100-**-1000,Covered deck 1 roofing
|30.00 2ND FLOOR SYSTEM|     ,|55.20 COVERED DECK 2 ROOFING,6,,COVD2,COVERED DECK 2 ROOFING,Framing,XXXX-55.2-1000,055.200,**,1000,PPPP-055.200-**-1000,Covered deck 2 roofing
|30.21 OPT DBA DELUXE MASTER BATH 1  ,|55.30 COVERED DECK 3 ROOFING,6,,COVD3,COVERED DECK 3 ROOFING,Framing,XXXX-55.3-1000,055.300,**,1000,PPPP-055.300-**-1000,Covered deck 3 roofing
|30.22 OPT DBA2 DELUXE MASTER BATH 2  ,|60.00 MAIN HOUSEWRAP,6,A,,MAIN HOUSEWRAP,Siding,XXXX-60-1100,060.000,A,2000,PPPP-060.000-A-2000,Main housewrap elevation A
|30.62 OPT LOFT2 2ND FLOOR SYSTEM (SHIP WITH MAIN,|60.00 MAIN HOUSEWRAP,6,B,,MAIN HOUSEWRAP,Siding,XXXX-60-1100,060.000,B,2000,PPPP-060.000-B-2000,Main housewrap elevation B
|30.nl 2ND FLOOR SYSTEM (SHIP WITH MAIN WALLS ,|60.00 MAIN HOUSEWRAP,6,C,,MAIN HOUSEWRAP,Siding,XXXX-60-1100,060.000,C,2000,PPPP-060.000-C-2000,Main housewrap elevation C
|30.00 2ND FLOOR SYSTEM     ,|60.00 MAIN HOUSEWRAP,6,D,,MAIN HOUSEWRAP,Siding,XXXX-60-1100,060.000,D,2000,PPPP-060.000-D-2000,Main housewrap elevation D
|32.00 2ND FLOOR SUBFLOOR     ,|60.00 MAIN HOUSEWRAP,6,"B, C, D","ELVB, ELVC, ELVD",MAIN HOUSEWRAP,Siding,XXXX-60-1100,060.000,BCD,2000,PPPP-060.000-BCD-2000,Main housewrap elevations B/C/D
|32.62 OPT LOFT2 2ND FLOOR SUBFLOOR   ,|60.01 OPT FIREPLACE HOUSEWRAP,6,,FPSING,OPT FIREPLACE HOUSEWRAP,Siding,XXXX-60.01-1100,060.010,**,2000,PPPP-060.010-**-2000,Fireplace housewrap option
|32.lo 2ND FLOOR DECKING     ,|60.60 EXTENDED GREAT ROOM HOUSEWRAP,6,,XGREAT,EXTENDED GREAT ROOM HOUSEWRAP,Siding,XXXX-60.6-1100,060.600,**,2000,PPPP-060.600-**-2000,Extended great room housewrap
|32.00 2ND FLOOR SUBFLOOR     ,|60.61 SUNROOM HOUSEWRAP,6,,SUN,SUNROOM HOUSEWRAP,Siding,XXXX-60.61-1100,060.610,**,2000,PPPP-060.610-**-2000,Sunroom housewrap
|34.00 2ND FLOOR DECKING & WALLS   ,|60.82 OPT DEN HOUSEWRAP,6,"B, C, D","ELVB, ELVC, ELVD",OPT DEN HOUSEWRAP,Siding,XXXX-60.82-1100,060.820,BCD,2000,PPPP-060.820-BCD-2000,Den housewrap elevations B/C/D
|34.10 LAUNDRY ROOM WINDOW     ,|60.83 OPT DEN W/FULL BATH HOUSEWRAP,6,"B, C, D","ELVB, ELVC, ELVD",OPT DEN W/FULL BATH HOUSEWRAP,Siding,XXXX-60.83-1100,060.830,BCD,2000,PPPP-060.830-BCD-2000,Den with full bath housewrap B/C/D
|34.10 OPT BATHROOM 2 WINDOW    ,|62.00 GARAGE HOUSEWRAP,6,,,GARAGE HOUSEWRAP,Siding,XXXX-62-1100,062.000,**,2000,PPPP-062.000-**-2000,Universal garage housewrap
|34.11 OPT MASTER BEDROOM WINDOW(S)    ,|62.10 3RD CAR GARAGE HOUSEWRAP,6,,,3RD CAR GARAGE HOUSEWRAP,Siding,XXXX-62.1-1100,062.100,**,2000,PPPP-062.100-**-2000,3rd car garage housewrap
|34.14 OPT BEDROOM 2 WINDOW    ,|62.40 4 CAR GARAGE TANDEM HOUSEWRAP,6,,,4 CAR GARAGE TANDEM HOUSEWRAP,Siding,XXXX-62.4-1100,062.400,**,2000,PPPP-062.400-**-2000,4 car tandem garage housewrap
|34.15 OPT BEDROOM 3 WINDOW    ,|62.2x OPT 2 CAR GARAGE 2' EXT HOUSEWRAP,6,,GAREXT2,OPT 2 CAR GARAGE 2' EXT HOUSEWRAP,Siding,XXXX-62.2x-1100,062.020,**,2000,PPPP-062.020-**-2000,2 car garage 2 foot ext housewrap
|34.16 OPT BATHROOM 2 WINDOW    ,|62.4x OPT 2 CAR GARAGE 4' EXT HOUSEWRAP,6,"A, B, C","2CAR4XA, 2CAR4XB, 2CAR4XC",OPT 2 CAR GARAGE 4' EXT HOUSEWRAP,Siding,XXXX-62.4x-1100,062.040,ABC,2000,PPPP-062.040-ABC-2000,2 car garage 4 foot ext housewrap A/B/C
|34.21 OPT DBA DELUXE MASTER BATH 1  ,|62.5x OPT 2 CAR GARAGE 5' EXT HOUSEWRAP,6,"A, B","2CAR5XA, 2CAR5XB",OPT 2 CAR GARAGE 5' EXT HOUSEWRAP,Siding,XXXX-62.5x-1100,062.050,AB,2000,PPPP-062.050-AB-2000,2 car garage 5 foot ext housewrap A/B
|34.22 OPT DBA2 DELUXE MASTER BATH 2  ,|70.00 MAIN SIDING,7,A,,MAIN SIDING,Siding,XXXX-70-1100,070.000,A,2100,PPPP-070.000-A-2100,Main siding elevation A
|34.23 OPT DELUXE MBA1     ,|70.00 MAIN SIDING,7,B,,MAIN SIDING,Siding,XXXX-70-1100,070.000,B,2100,PPPP-070.000-B-2100,Main siding elevation B
|34.24 OPT BEDROOM 4     ,|70.00 MAIN SIDING,7,B,LOFT2,MAIN SIDING,Siding,XXXX-70-1100,070.000,B,2100,PPPP-070.000-B-2100,Main siding elevation B with loft 2
|34.24 OPT BEDROOM 4     ,|70.00 MAIN SIDING,7,C,,MAIN SIDING,Siding,XXXX-70-1100,070.000,C,2100,PPPP-070.000-C-2100,Main siding elevation C
|34.25 OPT BEDROOM 5     ,|70.00 MAIN SIDING,7,D,,MAIN SIDING,Siding,XXXX-70-1100,070.000,D,2100,PPPP-070.000-D-2100,Main siding elevation D
|34.25 OPT BEDROOM 5     ,|70.00 MAIN SIDING,7,"B, C, D","ELVB, ELVC, ELVD",MAIN SIDING,Siding,XXXX-70-1100,070.000,BCD,2100,PPPP-070.000-BCD-2100,Main siding elevations B/C/D
|34.25 OPT BEDROOM 5     ,|70.01 OPT FIREPLACE SIDING,7,,FPSING,OPT FIREPLACE SIDING,Siding,XXXX-70.01-1100,070.010,**,2100,PPPP-070.010-**-2100,Fireplace siding option
|34.26 OPT BEDROOM 6     ,|70.60 EXTENDED GREAT ROOM SIDING,7,,XGREAT,EXTENDED GREAT ROOM SIDING,Siding,XXXX-70.6-1100,070.600,**,2100,PPPP-070.600-**-2100,Extended great room siding
|34.26 OPT BEDROOM 6 W/ BATHROOM   ,|70.61 SUNROOM SIDING,7,,SUN,SUNROOM SIDING,Siding,XXXX-70.61-1100,070.610,**,2100,PPPP-070.610-**-2100,Sunroom siding
|34.27 OPT MBR SITTING     ,|70.82 OPT DEN SIDING,7,"B, C, D","ELVB, ELVC, ELVD",OPT DEN SIDING,Siding,XXXX-70.82-1100,070.820,BCD,2100,PPPP-070.820-BCD-2100,Den siding elevations B/C/D
|34.61 LOFT BECOMES BEDROOM     ,|70.83 OPT DEN W/FULL BATH SIDING,7,"B, C, D","ELVB, ELVC, ELVD",OPT DEN W/FULL BATH SIDING,Siding,XXXX-70.83-1100,070.830,BCD,2100,PPPP-070.830-BCD-2100,Den with full bath siding B/C/D
|34.62 OPT LOFT2 2ND FLOOR WALLS   ,|62.00 3RD CAR GARAGE SIDING AND TRIM,7,A,3CARA,3RD CAR GARAGE SIDING AND TRIM,Siding,XXXX-62-1100,062.000,A,2100,PPPP-062.000-A-2100,3rd car garage siding elevation A
|34.80 OPT RETREAT      ,|62.00 OPT 3CAR EXTERIOR TRIM AND SIDING,7,A,"ELVA, 3CARA",OPT 3CAR EXTERIOR TRIM AND SIDING,Siding,XXXX-62-1100,062.000,A,2100,PPPP-062.000-A-2100,3rd car garage trim/siding elevation A
|34.80 OPT RETREAT      ,|62.00 3RD CAR GARAGE SIDING AND TRIM,7,B,,3RD CAR GARAGE SIDING AND TRIM,Siding,XXXX-62-1100,062.000,B,2100,PPPP-062.000-B-2100,3rd car garage siding elevation B
|34.lp 2ND FLOOR WALLS (LOFT)    ,|62.00 3RD CAR GARAGE SIDING AND TRIM,7,B,3CARB,3RD CAR GARAGE SIDING AND TRIM,Siding,XXXX-62-1100,062.000,B,2100,PPPP-062.000-B-2100,3rd car garage siding elevation B (duplicate)
|34.nl 2ND FLOOR WALLS (NO LOFT)   ,|62.00 3RD CAR GARAGE SIDING AND TRIM,7,B,"ELVB, 3CARB",3RD CAR GARAGE SIDING AND TRIM,Siding,XXXX-62-1100,062.000,B,2100,PPPP-062.000-B-2100,3rd car garage siding elevation B (duplicate)
|34.9t 2ND FLOOR WALLS 9'    ,|62.00 3RD CAR GARAGE SIDING AND TRIM,7,B,3CARB,3RD CAR GARAGE SIDING AND TRIM,Siding,XXXX-62-1100,062.000,B,2100,PPPP-062.000-B-2100,3rd car garage siding elevation B (duplicate)
|34.9t 2ND WALLS 9' CEILING    ,|62.00 OPT 3CAR EXTERIOR TRIM AND SIDING,7,B,"ELVB, 3CARB",OPT 3CAR EXTERIOR TRIM AND SIDING,Siding,XXXX-62-1100,062.000,B,2100,PPPP-062.000-B-2100,3rd car garage trim/siding elevation B
|34.00 2ND FLOOR WALLS     ,|62.00 3RD CAR GARAGE SIDING AND TRIM,7,"B, C, D",,3RD CAR GARAGE SIDING AND TRIM,Siding,XXXX-62-1100,062.000,BCD,2100,PPPP-062.000-BCD-2100,3rd car garage siding elevations B/C/D
|34.00 2ND FLOOR WALLS     ,|62.00 3RD CAR GARAGE SIDING AND TRIM,7,"B, D",,3RD CAR GARAGE SIDING AND TRIM,Siding,XXXX-62-1100,062.000,BD,2100,PPPP-062.000-BD-2100,3rd car garage siding elevations B/D
|34.00 2ND FLOOR WALLS     ,|62.00 3RD CAR GARAGE SIDING AND TRIM,7,C,,3RD CAR GARAGE SIDING AND TRIM,Siding,XXXX-62-1100,062.000,C,2100,PPPP-062.000-C-2100,3rd car garage siding elevation C
|34.rf 2ND FLOOR WALLS READYFRAME    ,|62.00 3RD CAR GARAGE SIDING AND TRIM,7,C,3CARC,3RD CAR GARAGE SIDING AND TRIM,Siding,XXXX-62-1100,062.000,C,2100,PPPP-062.000-C-2100,3rd car garage siding elevation C (duplicate)
|34.rf 2ND FLOOR WALLS READYFRAME    ,|62.00 3RD CAR GARAGE SIDING AND TRIM,7,C,"ELVC, 3CARC",3RD CAR GARAGE SIDING AND TRIM,Siding,XXXX-62-1100,062.000,C,2100,PPPP-062.000-C-2100,3rd car garage siding elevation C (duplicate)
|34.rf 2ND FLOOR WALLS READYFRAME    ,|62.00 OPT 3CAR EXTERIOR TRIM AND SIDING,7,C,"ELVC, 3CARC",OPT 3CAR EXTERIOR TRIM AND SIDING,Siding,XXXX-62-1100,062.000,C,2100,PPPP-062.000-C-2100,3rd car garage trim/siding elevation C
|40.00 ROOF       ,|62.00 3RD CAR GARAGE SIDING AND TRIM,7,D,,3RD CAR GARAGE SIDING AND TRIM,Siding,XXXX-62-1100,062.000,D,2100,PPPP-062.000-D-2100,3rd car garage siding elevation D
|40.60 EXTENDED GREAT ROOM ROOF    ,|62.2x,7,,2CAR4XA,,Siding,XXXX-62.2x-1100,062.020,**,2100,PPPP-062.020-**-2100,2 car garage 2 foot extension (option A)
|40.61 ROOF SUNROOM      ,|62.2x OPT EXTENDED GARAGE SIDING,7,,2CAR4XB,OPT EXTENDED GARAGE SIDING,Siding,XXXX-62.2x-1100,062.020,**,2100,PPPP-062.020-**-2100,2 car garage 2 foot extension (option B)
|40.80 OPT BUILD-OUT ROOF,|62.2x OPT EXTENDED GARAGE SIDING,7,,2CAR4XC,OPT EXTENDED GARAGE SIDING,Siding,XXXX-62.2x-1100,062.020,**,2100,PPPP-062.020-**-2100,2 car garage 2 foot extension (option C)
|40.00 ROOF       ,|63.00 COVERED PATIO SIDING,7,,COVP,COVERED PATIO SIDING,Siding,XXXX-63-1100,063.000,**,2100,PPPP-063.000-**-2100,Covered patio base siding
|40.00 ROOF       ,|63.10 COVERED DECK PATIO HOUSEWRAP,6,,COVP,COVERED DECK PATIO HOUSEWRAP,Siding,XXXX-63.1-1100,063.100,**,2000,PPPP-063.100-**-2000,Covered patio 1 housewrap
|40.00 ROOF       ,|63.10 COVERED PATIO 1 SIDING,7,,,COVERED PATIO 1 SIDING,Siding,XXXX-63.1-1100,063.100,**,2100,PPPP-063.100-**-2100,Covered patio 1 siding
|40.00 ROOF       ,|63.10 COVERED PATIO HOUSEWRAP,6,,COVP,COVERED PATIO HOUSEWRAP,Siding,XXXX-63.1-1100,063.100,**,2000,PPPP-063.100-**-2000,Covered patio housewrap (duplicate)
|40.00 ROOF       ,|63.10 OPT COVERED PATIO 1 SIDING,7,"COVD, COVP","COVD, COVP",OPT COVERED PATIO 1 SIDING,Siding,XXXX-63.1-1100,063.100,**,2100,PPPP-063.100-**-2100,Covered patio 1 with deck option
|40.gs ROOF GABLE SHEETING     ,|63.10 OPT COVERED PATIO 1 SIDING,7,"A, B, C","COVP, COVD",OPT COVERED PATIO 1 SIDING,Siding,XXXX-63.1-1100,063.100,ABC,2100,PPPP-063.100-ABC-2100,Covered patio 1 elevations A/B/C
|40.gs ROOF GABLE SHEETING     ,|63.10 OPT COVERED PATIO SIDING,7,,COVP,OPT COVERED PATIO SIDING,Siding,XXXX-63.1-1100,063.100,**,2100,PPPP-063.100-**-2100,Covered patio option siding
|42.40 OPT 4 CAR GARAGE TANDEM ROOF  ,|63.1p OPT COVERED PATIO POST WRAP,7 or 8,,COVP,OPT COVERED PATIO POST WRAP,Siding,XXXX-63.1p-1100,063.101,**,2100,PPPP-063.101-**-2100,Covered patio 1 post wrap (using .101 for post variant)
|42.40 OPT 4 CAR GARAGE TANDEM ROOF  ,|63.20 COVERED PATIO 2 SIDING,7,,COVP2,COVERED PATIO 2 SIDING,Siding,XXXX-63.2-1100,063.200,**,2100,PPPP-063.200-**-2100,Covered patio 2 siding
|42.4x OPT 2 CAR GARAGE 4' EXT ROOF ,|63.2p COVERED PATIO 2 POST WRAP,7 or 8,"COVD2, COVP2","COVD2, COVP2",COVERED PATIO 2 POST WRAP,Siding,XXXX-63.2p-1100,063.201,**,2100,PPPP-063.201-**-2100,Covered patio 2 post wrap
|42.4x OPT 2 CAR GARAGE 4' EXT ROOF ,|63.2p COVERED PATIO 2 POST WRAP,7 or 8,,COVP2,COVERED PATIO 2 POST WRAP,Siding,XXXX-63.2p-1100,063.201,**,2100,PPPP-063.201-**-2100,Covered patio 2 post wrap (duplicate)
|42.4x OPT 2 CAR GARAGE 4' EXT ROOF ,|63.30 OPT COVERED PATIO SIDING,7,,COVP3,OPT COVERED PATIO SIDING,Siding,XXXX-63.3-1100,063.300,**,2100,PPPP-063.300-**-2100,Covered patio 3 siding
|42.4x OPT 2 CAR GARAGE 4' EXT ROOF ,|63.3p COVERED PATIO 2 POST WRAP,7 or 8,"COVD3, COVP3","COVD3, COVP3",COVERED PATIO 2 POST WRAP,Siding,XXXX-63.3p-1100,063.301,**,2100,PPPP-063.301-**-2100,Covered patio 3 post wrap
|42.4x OPT 2 CAR GARAGE 4' EXT ROOF ,|63.3p OPT COVERED PATIO POST WRAP,7 or 8,,COVP3,OPT COVERED PATIO POST WRAP,Siding,XXXX-63.3p-1100,063.301,**,2100,PPPP-063.301-**-2100,Covered patio 3 post wrap (duplicate)
|42.5x OPT 2 CAR GARAGE 5' EXT ROOF ,|63.61 COVERED PATIO SUNROOM SIDING,7,,COVPSN1,COVERED PATIO SUNROOM SIDING,Siding,XXXX-63.61-1100,063.610,**,2100,PPPP-063.610-**-2100,Covered patio sunroom siding
|42.5x OPT 2 CAR GARAGE 5' EXT ROOF ,|63.61 COVERED PATIO SUNROOM POST WRAP,7 or 8,,COVP,COVERED PATIO SUNROOM POST WRAP,Siding,XXXX-63.61-1100,063.611,**,2100,PPPP-063.611-**-2100,Covered patio sunroom post wrap
|42.00 OPT 3RD CAR GARAGE ROOF   ,|63.pw COVERED PATIO POST WRAP,7,,COVP,COVERED PATIO POST WRAP,Siding,XXXX-63.pw-1100,063.900,**,2100,PPPP-063.900-**-2100,Generic covered patio post wrap (using .900 for generic variant)
|42.00 OPT 3RD CAR GARAGE ROOF   ,|63.sr COVERED PATIO @ SUNROOM SIDING,7,"COVPSN1, COVD1SN","COVPSN1, COVD1SN",COVERED PATIO @ SUNROOM SIDING,Siding,XXXX-63.sr-1100,063.910,**,2100,PPPP-063.910-**-2100,Sunroom variant covered patio siding
|42.00 3RD CAR GARAGE ROOF    ,|63.xc EXTENDED COVERED PATIO SIDING,7,,COVPX,EXTENDED COVERED PATIO SIDING,Siding,XXXX-63.xc-1100,063.920,**,2100,PPPP-063.920-**-2100,Extended covered patio siding
|42.00 3RD CAR GARAGE ROOF    ,|63.xp EXTENDED COVERED PATIO POST WRAP,7 or 8,,COVPX,EXTENDED COVERED PATIO POST WRAP,Siding,XXXX-63.xp-1100,063.921,**,2100,PPPP-063.921-**-2100,Extended covered patio post wrap
|42.00 3RD CAR GARAGE ROOF    ,|65.10 OPT COVERED DECK SIDING,7,,COVD,OPT COVERED DECK SIDING,Siding,XXXX-65.1-1100,065.100,**,2100,PPPP-065.100-**-2100,Covered deck 1 siding
|43.00 COVERED PATIO ROOF     ,|65.1p OPT COVERED DECK POST WRAP,7 or 8,,COVD,OPT COVERED DECK POST WRAP,Siding,XXXX-65.1p-1100,065.101,**,2100,PPPP-065.101-**-2100,Covered deck 1 post wrap
|43.10 OPT COVERED PATIO 1 ROOF   ,|65.1p POST WRAP,7 or 8,,COVD,POST WRAP,Siding,XXXX-65.1p-1100,065.101,**,2100,PPPP-065.101-**-2100,Generic post wrap (duplicate)
|43.20 OPT COVERED PATIO 2 ROOF   ,|65.20 COVERED DECK 2 SIDING,7,,COVD2,COVERED DECK 2 SIDING,Siding,XXXX-65.2-1100,065.200,**,2100,PPPP-065.200-**-2100,Covered deck 2 siding
|43.30 OPT COVERED PATIO 2 ROOF   ,|65.2p COVERED DECK 2 POST WRAP,7,,COVD2,COVERED DECK 2 POST WRAP,Siding,XXXX-65.2p-1100,065.201,**,2100,PPPP-065.201-**-2100,Covered deck 2 post wrap
|43.61 SUNROOM COVERED PATIO ROOF    ,|65.2p COVERED DECK POST WRAP,7,,COVD2,COVERED DECK POST WRAP,Siding,XXXX-65.2p-1100,065.201,**,2100,PPPP-065.201-**-2100,Covered deck 2 post wrap (duplicate)
|43.sr COVERED PATIO @ SUNROOM ROOF   ,|65.30 OPT COVERED DECK SIDING,7,,COVD3,OPT COVERED DECK SIDING,Siding,XXXX-65.3-1100,065.300,**,2100,PPPP-065.300-**-2100,Covered deck 3 siding
|43.xc EXTENDED COVERED PATIO ROOF    ,|65.3p OPT COVERED DECK POST WRAP,7 or 8,,COVD3,OPT COVERED DECK POST WRAP,Siding,XXXX-65.3p-1100,065.301,**,2100,PPPP-065.301-**-2100,Covered deck 3 post wrap
|45.00 EXT COVERED PATIO     ,|74.10 DECK SURFACE & RAIL,8 or 9,,DECK,DECK SURFACE & RAIL,Siding,XXXX-74.1-1100,074.100,**,2100,PPPP-074.100-**-2100,Deck 1 surface and rail
|45.10 OPT COVERED DECK ROOF    ,|74.20 DECK SURFACE & RAIL,8 or 9,,DECK2,DECK SURFACE & RAIL,Siding,XXXX-74.2-1100,074.200,**,2100,PPPP-074.200-**-2100,Deck 2 surface and rail
|45.20 OPT COVERED DECK 2 ROOF   ,|74.30 DECK SURFACE & RAIL,8 or 9,,DECK3,DECK SURFACE & RAIL,Siding,XXXX-74.3-1100,074.300,**,2100,PPPP-074.300-**-2100,Deck 3 surface and rail
|45.30 OPT COVERED DECK ROOF    ,|74.60 DECK SURFACE & RAIL @ EXT GRT RM,8 or 9,"XGREAT, COVD2, WO2","XGREAT, COVD2, WO2",DECK SURFACE & RAIL @ EXT GRT RM,Siding,XXXX-74.6-1100,074.600,**,2100,PPPP-074.600-**-2100,Deck at extended great room
|58.00 HOUSEWRAP       ,|74.ed EXT DECK SURFACE & RAIL,8 or 9,"COVD2, WO","COVD2, WO",EXT DECK SURFACE & RAIL,Siding,XXXX-74.ed-1100,074.900,**,2100,PPPP-074.900-**-2100,Extended deck variant (using .900 for special)
|58.00 HOUSEWRAP       ,|75.10 DECK SURFACE & RAIL,8 or 9,,COVD,DECK SURFACE & RAIL,Siding,XXXX-75.1-1100,075.100,**,2100,PPPP-075.100-**-2100,Covered deck 1 surface and rail
|58.00 HOUSEWRAP       ,|75.1s STAIRS SURFACE & RAIL,8 or 9,,COVD,STAIRS SURFACE & RAIL,Siding,XXXX-75.1s-1100,075.101,**,2100,PPPP-075.101-**-2100,Covered deck 1 stairs (using .101 for stairs variant)
|60.02 OPT GREAT ROOM WINDOWS SIDING   ,|75.20 DECK SURFACE & RAIL,8 or 9,,COVD2,DECK SURFACE & RAIL,Siding,XXXX-75.2-1100,075.200,**,2100,PPPP-075.200-**-2100,Covered deck 2 surface and rail
|60.02 OPT ALT GREAT ROOM WINDOWS W/ FIREPLACE ,|75.2s STAIRS SURFACE & RAIL,8 or 9,,COVD2,STAIRS SURFACE & RAIL,Siding,XXXX-75.2s-1100,075.201,**,2100,PPPP-075.201-**-2100,Covered deck 2 stairs
|60.0x OPT GREAT ROOM WINDOW(S) @ EXT GRT RM,|75.30 DECK SURFACE & RAIL,8 or 9,,COVD3,DECK SURFACE & RAIL,Siding,XXXX-75.3-1100,075.300,**,2100,PPPP-075.300-**-2100,Covered deck 3 surface and rail
|60.11 OPT MASTER BEDROOM WINDOWS SIDING   ,|75.tc DECK SURFACE & RAIL,8 or 9,,TALLCRWL,DECK SURFACE & RAIL,Siding,XXXX-75.tc-1100,075.900,**,2100,PPPP-075.900-**-2100,Tall crawl deck (using .900 for special)
|60.12 OPT CENTER MEET DOOR SIDING   ,|80.00 TALL CRAWL,1,,TALLCRWL,TALL CRAWL,Framing,XXXX-80-1000,080.000,**,1000,PPPP-080.000-**-1000,Tall crawlspace foundation
|60.13 OPT 12' MULTI     ,|90.00 TALL CRAWL SIDING,7,,TALLCRWL,TALL CRAWL SIDING,Siding,XXXX-90-1100,090.000,**,2100,PPPP-090.000-**-2100,Tall crawlspace siding
|60.14 OPT BEDROOM 2 WINDOW SIDING   ,,,,,,,,,,,,
|60.15 OPT BEDROOM 3 WINDOW SIDING   ,,,,,,,,,,,,
|60.16 OPT BEDROOM 4 WINDOW SIDING   ,,,,,,,,,,,,
|60.17 OPT BEDROOM 5 WINDOW SIDING   ,,,,,,,,,,,,
|60.19 OPT STUDY WINDOW SIDING    ,,,,,,,,,,,,
|60.21 OPT DBA DELUXE MASTER BATH 1 SIDING ,,,,,,,,,,,,
|60.22 OPT DBA2 DELUXE MASTER BATH 2 SIDING ,,,,,,,,,,,,
|60.24 OPT BEDROOM 4 SIDING    ,,,,,,,,,,,,
|60.27 OPT MBR SITTING SIDING    ,,,,,,,,,,,,
|60.6x EXTENDED GREAT ROOM SIDING    ,,,,,,,,,,,,
|60.61 SIDING SUNROOM      ,,,,,,,,,,,,
|60.80 OPT BUILD-OUT ROOF,,,,,,,,,,,,
|60.pr PORCH RAIL      ,,,,,,,,,,,,
|60.pw EXTERIOR POST WRAP     ,,,,,,,,,,,,
|60.tc SIDING       ,,,,,,,,,,,,
|60.00 EXTERIOR TRIM AND SIDING    ,,,,,,,,,,,,
|60.00 EXTERIOR TRIM AND SIDING    ,,,,,,,,,,,,
|60.00 EXTERIOR TRIM AND SIDING    ,,,,,,,,,,,,
|60.00 EXTERIOR TRIM AND SIDING    ,,,,,,,,,,,,
|60.ec EXTERIOR TRIM AND SIDING CORNER ENHANCED  ,,,,,,,,,,,,
|60.ec EXTERIOR TRIM AND SIDING CORNER ENHANCED  ,,,,,,,,,,,,
|60.ec EXTERIOR TRIM AND SIDING CORNER ENHANCED  ,,,,,,,,,,,,
|60.er EXTERIOR TRIM AND SIDING REAR ENHANCED  ,,,,,,,,,,,,
|60.er EXTERIOR TRIM AND SIDING REAR ENHANCED  ,,,,,,,,,,,,
|60.er EXTERIOR TRIM AND SIDING REAR ENHANCED  ,,,,,,,,,,,,
|60.fw FAUX WOOD      ,,,,,,,,,,,,
|60.ma EXTERIOR TRIM AND SIDING MASONRY   ,,,,,,,,,,,,
|60.pw EXTERIOR POST WRAP     ,,,,,,,,,,,,
|62.40 4 CAR GARAGE TANDEM SIDING AND TRIM ,,,,,,,,,,,,
|62.40 4 CAR GARAGE TANDEM SIDING AND TRIM ,,,,,,,,,,,,
|62.40 4 CAR GARAGE TANDEM SIDING AND TRIM ,,,,,,,,,,,,
|62.4x OPT 2 CAR GARAGE 4' EXT SIDING AND,,,,,,,,,,,,
|62.4x OPT 2 CAR GARAGE 4' EXT SIDING AND,,,,,,,,,,,,
|62.4x OPT 2 CAR GARAGE 4' EXT SIDING AND,,,,,,,,,,,,
|62.4x OPT 2 CAR GARAGE 4' EXT SIDING AND,,,,,,,,,,,,
|62.5x 2 CAR GARAGE 5' EXT. SIDING AND TRIM,,,,,,,,,,,,
|62.5x 2 CAR GARAGE 5' EXT. SIDING AND TRIM,,,,,,,,,,,,
|62.5x 2 CAR GARAGE 5' EXT. SIDING AND TRIM,,,,,,,,,,,,
|62.4x OPT 2 CAR GARAGE 4' EXT SIDING AND,,,,,,,,,,,,
|62.4x OPT 2 CAR GARAGE 4' EXT SIDING AND,,,,,,,,,,,,
|62.00 3RD CAR GARAGE SIDING AND TRIM  ,,,,,,,,,,,,
|62.00 OPT 3CAR EXTERIOR TRIM AND SIDING  ,,,,,,,,,,,,
|62.00 3RD CAR GARAGE SIDING AND TRIM  ,,,,,,,,,,,,
|62.00 3RD CAR GARAGE SIDING AND TRIM  ,,,,,,,,,,,,
|62.00 3RD CAR GARAGE SIDING AND TRIM  ,,,,,,,,,,,,
|62.00 3RD CAR GARAGE SIDING AND TRIM  ,,,,,,,,,,,,
|62.00 OPT 3CAR EXTERIOR TRIM AND SIDING  ,,,,,,,,,,,,
|62.00 3RD CAR GARAGE SIDING AND TRIM  ,,,,,,,,,,,,
|62.00 3RD CAR GARAGE SIDING AND TRIM  ,,,,,,,,,,,,
|62.00 3RD CAR GARAGE SIDING AND TRIM  ,,,,,,,,,,,,
|62.00 3RD CAR GARAGE SIDING AND TRIM  ,,,,,,,,,,,,
|62.00 3RD CAR GARAGE SIDING AND TRIM  ,,,,,,,,,,,,
|62.00 OPT 3CAR EXTERIOR TRIM AND SIDING  ,,,,,,,,,,,,
|62.00 3RD CAR GARAGE SIDING AND TRIM  ,,,,,,,,,,,,
|62.2x        ,,,,,,,,,,,,
|62.2x OPT EXTENDED GARAGE SIDING    ,,,,,,,,,,,,
|62.2x OPT EXTENDED GARAGE SIDING    ,,,,,,,,,,,,
|63.00 COVERED PATIO SIDING     ,,,,,,,,,,,,
|63.10 COVERED DECK PATIO HOUSEWRAP    ,,,,,,,,,,,,
|63.10 COVERED PATIO 1 SIDING    ,,,,,,,,,,,,
|63.10 COVERED PATIO HOUSEWRAP     ,,,,,,,,,,,,
|63.10 OPT COVERED PATIO 1 SIDING   ,,,,,,,,,,,,
|63.10 OPT COVERED PATIO 1 SIDING   ,,,,,,,,,,,,
|63.10 OPT COVERED PATIO SIDING    ,,,,,,,,,,,,
|63.1p OPT COVERED PATIO POST WRAP   ,,,,,,,,,,,,
|63.20 COVERED PATIO 2 SIDING    ,,,,,,,,,,,,
|63.2p COVERED PATIO 2 POST WRAP   ,,,,,,,,,,,,
|63.2p COVERED PATIO 2 POST WRAP   ,,,,,,,,,,,,
|63.30 OPT COVERED PATIO SIDING    ,,,,,,,,,,,,
|63.3p COVERED PATIO 2 POST WRAP   ,,,,,,,,,,,,
|63.3p OPT COVERED PATIO POST WRAP   ,,,,,,,,,,,,
|63.61 COVERED PATIO SUNROOM SIDING    ,,,,,,,,,,,,
|63.61 COVERED PATIO SUNROOM POST WRAP   ,,,,,,,,,,,,
|63.pw COVERED PATIO POST WRAP    ,,,,,,,,,,,,
|63.sr COVERED PATIO @ SUNROOM SIDING   ,,,,,,,,,,,,
|63.xc EXTENDED COVERED PATIO SIDING    ,,,,,,,,,,,,
|63.xp EXTENDED COVERED PATIO POST WRAP   ,,,,,,,,,,,,
|65.10 OPT COVERED DECK SIDING    ,,,,,,,,,,,,
|65.1p OPT COVERED DECK POST WRAP   ,,,,,,,,,,,,
|65.1p POST WRAP      ,,,,,,,,,,,,
|65.20 COVERED DECK 2 SIDING    ,,,,,,,,,,,,
|65.2p COVERED DECK 2 POST WRAP   ,,,,,,,,,,,,
|65.2p COVERED DECK POST WRAP    ,,,,,,,,,,,,
|65.30 OPT COVERED DECK SIDING    ,,,,,,,,,,,,
|65.3p OPT COVERED DECK POST WRAP   ,,,,,,,,,,,,
|74.10 DECK SURFACE & RAIL    ,,,,,,,,,,,,
|74.20 DECK SURFACE & RAIL    ,,,,,,,,,,,,
|74.30 DECK SURFACE & RAIL    ,,,,,,,,,,,,
|74.60 DECK SURFACE & RAIL @ EXT GRT RM,,,,,,,,,,,,
|74.ed EXT DECK SURFACE & RAIL   ,,,,,,,,,,,,
|75.10 DECK SURFACE & RAIL    ,,,,,,,,,,,,
|75.1s STAIRS SURFACE & RAIL    ,,,,,,,,,,,,
|75.20 DECK SURFACE & RAIL    ,,,,,,,,,,,,
|75.2s STAIRS SURFACE & RAIL    ,,,,,,,,,,,,
|75.30 DECK SURFACE & RAIL    ,,,,,,,,,,,,
|75.tc DECK SURFACE & RAIL    ,,,,,,,,,,,,
|80.00 TALL CRAWL      ,,,,,,,,,,,,
|90.00 TALL CRAWL SIDING     ,,,,,,,,,,,,
