Richmond_Pack_ID,Shipping_Order,Elevation_Letters_Original,Option_Codes,Phase_Str,Pack_Name,Item_No,Item_Type,Old_Code,Plan_No,New_Phase_Code,New_Elevation_Code,New_Item_Type_Code,New_Full_Code
009.000 WO BASEMENT WALLS     ,1,,,09.00,WO BASEMENT WALLS     ,1000,Framing,XXXX-09.00-1000,PPPP,009.000,**,1000,PPPP-009.000-**-1000
009.200 WO BASEMENT WALLS 2    ,1,,WO2,09.20,WO BASEMENT WALLS 2    ,1000,Framing,XXXX-09.20-1000,PPPP,009.200,**,1000,PPPP-009.200-**-1000
010.000 FOUNDATION       ,1,,,10,FOUNDATION       ,1000,Framing,XXXX-10-1000,PPPP,010.000,**,1000,PPPP-010.000-**-1000
010.020 OPT FIREPLACE FOUNDATION,1,,FPSING01,10.02,OPT FIREPLACE FOUNDATION,1000,Framing,XXXX-10.02-1000,PPPP,010.020,**,1000,PPPP-010.020-**-1000
010.600 EXTENDED GREAT ROOM FOUNDATION    ,1,,XGREAT,10.6,EXTENDED GREAT ROOM FOUNDATION    ,1000,Framing,XXXX-10.6-1000,PPPP,010.600,**,1000,PPPP-010.600-**-1000
010.610 SUNROOM FOUNDATION      ,1,,SUN,10.61,SUNROOM FOUNDATION      ,1000,Framing,XXXX-10.61-1000,PPPP,010.610,**,1000,PPPP-010.610-**-1000
010.820 OPT DEN FOUNDATION     ,1,,,10.82,OPT DEN FOUNDATION     ,1000,Framing,XXXX-10.82-1000,PPPP,010.820,**,1000,PPPP-010.820-**-1000
010.820 OPT DEN FOUNDATION     ,1,"B, C, D",,10.82,OPT DEN FOUNDATION     ,1000,Framing,XXXX-10.82-1000,PPPP,010.820,BCD,1000,PPPP-010.820-BCD-1000
010.830 OPT DEN W/FULL BATH FOUNDATION   ,1,"B, C, D",,10.83,OPT DEN W/FULL BATH FOUNDATION   ,1000,Framing,XXXX-10.83-1000,PPPP,010.830,BCD,1000,PPPP-010.830-BCD-1000
010.008 TALLCRAWL FRAMING      ,1,,TALLCRWL,10.tc,TALLCRAWL FRAMING      ,1000,Framing,XXXX-10.tc-1000,PPPP,010.008,**,1000,PPPP-010.008-**-1000
010.000 FOUNDATION       ,1,"B, C, D",,10,FOUNDATION       ,1000,Framing,XXXX-10-1000,PPPP,010.000,BCD,1000,PPPP-010.000-BCD-1000
011.000 MAIN JOIST SYSTEM @FOUNDATION    ,1,,,11,MAIN JOIST SYSTEM @FOUNDATION    ,1000,Framing,XXXX-11-1000,PPPP,011.000,**,1000,PPPP-011.000-**-1000
011.010 MAIN JOIST SYSTEM FIREPLACE ADD ON @FOUNDATION ,1,,FPSING,11.01,MAIN JOIST SYSTEM FIREPLACE ADD ON @FOUNDATION ,1000,Framing,XXXX-11.01-1000,PPPP,011.010,**,1000,PPPP-011.010-**-1000
011.600 MAIN JOIST SYSTEM @ EXTENDED GREAT ROOM ,1,,XGREAT,11.6,MAIN JOIST SYSTEM @ EXTENDED GREAT ROOM ,1000,Framing,XXXX-11.6-1000,PPPP,011.600,**,1000,PPPP-011.600-**-1000
011.620 MAIN JOIST SYSTEM LOFT 2 ADD ON @FOUNDATION,1,,LOFT2,11.62,MAIN JOIST SYSTEM LOFT 2 ADD ON @FOUNDATION,1000,Framing,XXXX-11.62-1000,PPPP,011.620,**,1000,PPPP-011.620-**-1000
012.000 OPT 3RD CAR GARAGE FOUNDATION   ,1,,"3CARA, 3CARB, 3CARC",12,OPT 3RD CAR GARAGE FOUNDATION   ,1000,Framing,XXXX-12-1000,PPPP,012.000,**,1000,PPPP-012.000-**-1000
012.400 OPT 4 CAR GARAGE TANDEM FOUNDATION  ,1,,"4CARTA, 4CARTB, 4CARTC",12.4,OPT 4 CAR GARAGE TANDEM FOUNDATION  ,1000,Framing,XXXX-12.4-1000,PPPP,012.400,**,1000,PPPP-012.400-**-1000
012.205 OPT 2 CAR GARAGE 2' EXT FOUNDATION ,1,,GAREXT2,12.2x,OPT 2 CAR GARAGE 2' EXT FOUNDATION ,1000,Framing,XXXX-12.2x-1000,PPPP,012.205,**,1000,PPPP-012.205-**-1000
012.405 OPT 2 CAR GARAGE 4' EXT FOUNDATION ,1,"A, B, C","2CAR4XA, 2CAR4XB, 2CAR4XC",12.4x,OPT 2 CAR GARAGE 4' EXT FOUNDATION ,1000,Framing,XXXX-12.4x-1000,PPPP,012.405,ABC,1000,PPPP-012.405-ABC-1000
012.505 OPT 2 CAR GARAGE 5' EXT FOUNDATION ,1,"A, B","2CAR5XA, 2CAR5XB",12.5x,OPT 2 CAR GARAGE 5' EXT FOUNDATION ,1000,Framing,XXXX-12.5x-1000,PPPP,012.505,AB,1000,PPPP-012.505-AB-1000
012.000 3RD CAR GARAGE FOUNDATION    ,1,"A, B, D","3CARA, 3CARB, 3CARD",12,3RD CAR GARAGE FOUNDATION    ,1000,Framing,XXXX-12-1000,PPPP,012.000,ABD,1000,PPPP-012.000-ABD-1000
012.000 3RD CAR GARAGE FOUNDATION    ,1,"B, C, D","3CARB, 3CARC, 3CARD",12,3RD CAR GARAGE FOUNDATION    ,1000,Framing,XXXX-12-1000,PPPP,012.000,BCD,1000,PPPP-012.000-BCD-1000
013.100 COVERED PATIO FOUNDATION     ,1,,COVP,13.1,COVERED PATIO FOUNDATION     ,1000,Framing,XXXX-13.1-1000,PPPP,013.100,**,1000,PPPP-013.100-**-1000
013.200 COVERED PATIO 2 FOUNDATION    ,1,,COVP2,13.2,COVERED PATIO 2 FOUNDATION    ,1000,Framing,XXXX-13.2-1000,PPPP,013.200,**,1000,PPPP-013.200-**-1000
013.200 COVERED PATIO 2 FOUNDATION    ,1,,COVP2,13.2,COVERED PATIO 2 FOUNDATION    ,1000,Framing,XXXX-13.2-1000,PPPP,013.200,**,1000,PPPP-013.200-**-1000
013.300 COVERED PATIO 3 FOUNDATION    ,1,,COVP3,13.3,COVERED PATIO 3 FOUNDATION    ,1000,Framing,XXXX-13.3-1000,PPPP,013.300,**,1000,PPPP-013.300-**-1000
014.100 DECK FOUNDATION      ,1,,DECK,14.1,DECK FOUNDATION      ,1000,Framing,XXXX-14.1-1000,PPPP,014.100,**,1000,PPPP-014.100-**-1000
014.200 DECK FOUNDATION      ,1,,DECK2,14.2,DECK FOUNDATION      ,1000,Framing,XXXX-14.2-1000,PPPP,014.200,**,1000,PPPP-014.200-**-1000
014.300 DECK FOUNDATION      ,1,,DECK3,14.3,DECK FOUNDATION      ,1000,Framing,XXXX-14.3-1000,PPPP,014.300,**,1000,PPPP-014.300-**-1000
015.100 COVERED DECK FOUNDATION     ,1,,COVD,15.1,COVERED DECK FOUNDATION     ,1000,Framing,XXXX-15.1-1000,PPPP,015.100,**,1000,PPPP-015.100-**-1000
015.200 COVERED DECK FOUNDATION     ,1,,COVD2,15.2,COVERED DECK FOUNDATION     ,1000,Framing,XXXX-15.2-1000,PPPP,015.200,**,1000,PPPP-015.200-**-1000
015.300 COVERED DECK FOUNDATION     ,1,,COVD3,15.3,COVERED DECK FOUNDATION     ,1000,Framing,XXXX-15.3-1000,PPPP,015.300,**,1000,PPPP-015.300-**-1000
016.100 TRUSSED MAIN FLOOR OVER BASEMENT   ,1,,WO,16.1,TRUSSED MAIN FLOOR OVER BASEMENT   ,1000,Framing,XXXX-16.1-1000,PPPP,016.100,**,1000,PPPP-016.100-**-1000
016.610 WO BSMT MAIN FLOOR    ,1,,SUNWO,16.61,WO BSMT MAIN FLOOR    ,1000,Framing,XXXX-16.61-1000,PPPP,016.610,**,1000,PPPP-016.610-**-1000
016.100 OPT WO BASEMENT MAIN FLOOR SYSTEM  ,1,,WO,16.1,OPT WO BASEMENT MAIN FLOOR SYSTEM  ,1000,Framing,XXXX-16.10-1000,PPPP,016.100,**,1000,PPPP-016.100-**-1000
016.200 OPT WO 2 BASEMENT MAIN FLOOR SYSTEM  ,1,,WO2,16.2,OPT WO 2 BASEMENT MAIN FLOOR SYSTEM  ,1000,Framing,XXXX-16.20-1000,PPPP,016.200,**,1000,PPPP-016.200-**-1000
018.820 OPT DEN SUBFLOOR     ,2,,DEN,18.82,OPT DEN SUBFLOOR     ,1000,Framing,XXXX-18.82-1000,PPPP,018.820,**,1000,PPPP-018.820-**-1000
018.820 OPT DEN SUBFLOOR     ,2,"B, C, D",DEN,18.82,OPT DEN SUBFLOOR     ,1000,Framing,XXXX-18.82-1000,PPPP,018.820,BCD,1000,PPPP-018.820-BCD-1000
018.830 OPT DEN W/FULL BATH SUBFLOOR   ,2,"B, C, D",DENF,18.83,OPT DEN W/FULL BATH SUBFLOOR   ,1000,Framing,XXXX-18.83-1000,PPPP,018.830,BCD,1000,PPPP-018.830-BCD-1000
018.000 MAIN SUBFLOOR      ,2,"B, C, D",,18,MAIN SUBFLOOR      ,1000,Framing,XXXX-18-1000,PPPP,018.000,BCD,1000,PPPP-018.000-BCD-1000
020.000 MAIN FLOOR WALLS     ,3,,,20,MAIN FLOOR WALLS     ,1000,Framing,XXXX-20-1000,PPPP,020.000,**,1000,PPPP-020.000-**-1000
020.010 OPT DBL      ,3,,SIDED FIREPLACE,20.01,OPT DBL      ,1000,Framing,XXXX-20.01-1000,PPPP,020.010,**,1000,PPPP-020.010-**-1000
020.020 OPT GREAT ROOM WINDOWS    ,3,,WDWGREAT,20.02,OPT GREAT ROOM WINDOWS    ,1000,Framing,XXXX-20.02-1000,PPPP,020.020,**,1000,PPPP-020.020-**-1000
020.020 OPT ALT GREAT ROOM WINDOWS W/ FIREPLACE ,3,,WDWGRALT,20.02,OPT ALT GREAT ROOM WINDOWS W/ FIREPLACE ,1000,Framing,XXXX-20.02-1000,PPPP,020.020,**,1000,PPPP-020.020-**-1000
020.020 OPT GREAT ROOM WINDOW(S) @ EXT GRT RM,3,,WDWGRTX,20.02,OPT GREAT ROOM WINDOW(S) @ EXT GRT RM,1000,Framing,XXXX-20.02-1000,PPPP,020.020,**,1000,PPPP-020.020-**-1000
020.060 OPT FLEX WINDOW     ,3,,,20.06,OPT FLEX WINDOW     ,1000,Framing,XXXX-20.06-1000,PPPP,020.060,**,1000,PPPP-020.060-**-1000
020.120 OPT CENTER MEET DOOR    ,3,,MSLIDE1,20.12,OPT CENTER MEET DOOR    ,1000,Framing,XXXX-20.12-1000,PPPP,020.120,**,1000,PPPP-020.120-**-1000
020.122 OPT CENTER MEET DOOR @ LOFT  ,3,,MSLIDE1,20.2l,OPT CENTER MEET DOOR @ LOFT  ,1000,Framing,XXXX-20.2l-1000,PPPP,020.123,**,1000,PPPP-020.122-**-1000
020.130 OPT MULT      ,3,,"SLIDE DOOR, MSLIDE2",20.13,OPT MULT      ,1000,Framing,XXXX-20.13-1000,PPPP,020.130,**,1000,PPPP-020.130-**-1000
020.132 OPT MULTI      ,3,,"SLIDE DOOR @ LOFT, MSLIDE2",20.3l,OPT MULTI      ,1000,Framing,XXXX-20.3l-1000,PPPP,020.133,**,1000,PPPP-020.132-**-1000
020.140 OPT BEDROOM 2 WINDOW    ,3,,WDWBR2,20.14,OPT BEDROOM 2 WINDOW    ,1000,Framing,XXXX-20.14-1000,PPPP,020.140,**,1000,PPPP-020.140-**-1000
020.150 OPT BEDROOM 3 WINDOW    ,3,,WDWBR3,20.15,OPT BEDROOM 3 WINDOW    ,1000,Framing,XXXX-20.15-1000,PPPP,020.150,**,1000,PPPP-020.150-**-1000
020.150 OPT BEDROOM 3 WINDOW    ,3,,WDWBR3,20.15,OPT BEDROOM 3 WINDOW    ,1000,Framing,XXXX-20.15-1000,PPPP,020.150,**,1000,PPPP-020.150-**-1000
020.160 OPT BEDROOM 4 WINDOW    ,3,,WDWBR4,20.16,OPT BEDROOM 4 WINDOW    ,1000,Framing,XXXX-20.16-1000,PPPP,020.160,**,1000,PPPP-020.160-**-1000
020.170 OPT BEDROOM 5 WINDOW    ,3,,WDWBR5,20.17,OPT BEDROOM 5 WINDOW    ,1000,Framing,XXXX-20.17-1000,PPPP,020.170,**,1000,PPPP-020.170-**-1000
020.190 OPT STUDY WINDOW     ,3,,WDWSTUDY,20.19,OPT STUDY WINDOW     ,1000,Framing,XXXX-20.19-1000,PPPP,020.190,**,1000,PPPP-020.190-**-1000
020.200 OPT POWDER      ,3,,ABAPWDR,20.2,OPT POWDER      ,1000,Framing,XXXX-20.2-1000,PPPP,020.200,**,1000,PPPP-020.200-**-1000
020.210 OPT DBA DELUXE MASTER BATH 1  ,3,,DBA,20.21,OPT DBA DELUXE MASTER BATH 1  ,1000,Framing,XXXX-20.21-1000,PPPP,020.210,**,1000,PPPP-020.210-**-1000
020.220 OPT DBA2 DELUXE MASTER BATH 2  ,3,,DBA2,20.22,OPT DBA2 DELUXE MASTER BATH 2  ,1000,Framing,XXXX-20.22-1000,PPPP,020.220,**,1000,PPPP-020.220-**-1000
020.230 OPT DBA DELUXE MASTER BATH 3  ,3,,DBA3,20.23,OPT DBA DELUXE MASTER BATH 3  ,1000,Framing,XXXX-20.23-1000,PPPP,020.230,**,1000,PPPP-020.230-**-1000
020.240 OPT BEDROOM 4     ,3,,ABR4,20.24,OPT BEDROOM 4     ,1000,Framing,XXXX-20.24-1000,PPPP,020.240,**,1000,PPPP-020.240-**-1000
020.240 OPT BEDROOM 4     ,3,,ABR4BA,20.24,OPT BEDROOM 4     ,1000,Framing,XXXX-20.24-1000,PPPP,020.240,**,1000,PPPP-020.240-**-1000
020.250 OPT BEDROOM 5 W/ BATHROOM   ,3,,ABR5BA,20.25,OPT BEDROOM 5 W/ BATHROOM   ,1000,Framing,XXXX-20.25-1000,PPPP,020.250,**,1000,PPPP-020.250-**-1000
020.270 OPT STUDY      ,3,,STUDY,20.27,OPT STUDY      ,1000,Framing,XXXX-20.27-1000,PPPP,020.270,**,1000,PPPP-020.270-**-1000
020.280 OPT DINING ROOM     ,3,,,20.28,OPT DINING ROOM     ,1000,Framing,XXXX-20.28-1000,PPPP,020.280,**,1000,PPPP-020.280-**-1000
020.290 OPT BED W/ BATHROOM ILO DEN  ,3,,,20.29,OPT BED W/ BATHROOM ILO DEN  ,1000,Framing,XXXX-20.29-1000,PPPP,020.290,**,1000,PPPP-020.290-**-1000
020.330 OPT FRENCH DOUBLE DOOR    ,3,,FRENCHDB,20.33,OPT FRENCH DOUBLE DOOR    ,1000,Framing,XXXX-20.33-1000,PPPP,020.330,**,1000,PPPP-020.330-**-1000
020.340 OPT POCKET OFFICE     ,3,,,20.34,OPT POCKET OFFICE     ,1000,Framing,XXXX-20.34-1000,PPPP,020.340,**,1000,PPPP-020.340-**-1000
020.410 OPT DINING ROOM COFFERED CEILING   ,3,,COFDIN,20.41,OPT DINING ROOM COFFERED CEILING   ,1000,Framing,XXXX-20.41-1000,PPPP,020.410,**,1000,PPPP-020.410-**-1000
020.420 OPT MBR COFFERED CEILING    ,3,,COFMBR,20.42,OPT MBR COFFERED CEILING    ,1000,Framing,XXXX-20.42-1000,PPPP,020.420,**,1000,PPPP-020.420-**-1000
020.430 OPT ENTRY COFFERED CEILING    ,3,"A, B, C",,20.43,OPT ENTRY COFFERED CEILING    ,1000,Framing,XXXX-20.43-1000,PPPP,020.430,ABC,1000,PPPP-020.430-ABC-1000
020.440 OPT LIVING ROOM COFFERED CEILING   ,3,,,20.44,OPT LIVING ROOM COFFERED CEILING   ,1000,Framing,XXXX-20.44-1000,PPPP,020.440,**,1000,PPPP-020.440-**-1000
020.500 OPT BOOKCASE STUDY     ,3,,BOOK1,20.5,OPT BOOKCASE STUDY     ,1000,Framing,XXXX-20.5-1000,PPPP,020.500,**,1000,PPPP-020.500-**-1000
020.600 EXTENDED GREAT ROOM WALLS    ,3,,XGREAT,20.6,EXTENDED GREAT ROOM WALLS    ,1000,Framing,XXXX-20.6-1000,PPPP,020.600,**,1000,PPPP-020.600-**-1000
020.610 MAIN WALLS SUNROOM     ,3,,SUN,20.61,MAIN WALLS SUNROOM     ,1000,Framing,XXXX-20.61-1000,PPPP,020.610,**,1000,PPPP-020.610-**-1000
020.700 MAIN WALL OPT BDR 3   ,3,,,20.7,MAIN WALL OPT BDR 3   ,1000,Framing,XXXX-20.7-1000,PPPP,020.700,**,1000,PPPP-020.700-**-1000
020.810 OPT CLUBHOUSE RETREAT     ,3,,RETREAT,20.81,OPT CLUBHOUSE RETREAT     ,1000,Framing,XXXX-20.81-1000,PPPP,020.810,**,1000,PPPP-020.810-**-1000
020.820 OPT DEN WALLS     ,3,,,20.82,OPT DEN WALLS     ,1000,Framing,XXXX-20.82-1000,PPPP,020.820,**,1000,PPPP-020.820-**-1000
020.820 OPT DEN WALLS     ,3,"B, C, D",,20.82,OPT DEN WALLS     ,1000,Framing,XXXX-20.82-1000,PPPP,020.820,BCD,1000,PPPP-020.820-BCD-1000
020.820 OPT DEN WALLS     ,3,,,20.82,OPT DEN WALLS     ,1000,Framing,XXXX-20.82-1000,PPPP,020.820,**,1000,PPPP-020.820-**-1000
020.830 OPT DEN W/FULL BATH WALLS   ,3,"B, C, D",,20.83,OPT DEN W/FULL BATH WALLS   ,1000,Framing,XXXX-20.83-1000,PPPP,020.830,BCD,1000,PPPP-020.830-BCD-1000
020.830 OPT DEN W/ FULL BALL WALLS  ,3,,,20.83,OPT DEN W/ FULL BALL WALLS  ,1000,Framing,XXXX-20.83-1000,PPPP,020.830,**,1000,PPPP-020.830-**-1000
020.004 Alternate Kitchen      ,3,,,20.ak,Alternate Kitchen      ,1000,Framing,XXXX-20.ak-1000,PPPP,020.004,**,1000,PPPP-020.004-**-1000
020.002 MAIN FLOOR WALLS (LOFT)    ,3,"A, B, C",,20.lo,MAIN FLOOR WALLS (LOFT)    ,1000,Framing,XXXX-20.lo-1000,PPPP,020.002,ABC,1000,PPPP-020.002-ABC-1000
020.003 MAIN FLOOR WALLS (NO LOFT)   ,3,"A, B, C",,20.nl,MAIN FLOOR WALLS (NO LOFT)   ,1000,Framing,XXXX-20.nl-1000,PPPP,020.003,ABC,1000,PPPP-020.003-ABC-1000
020.000 MAIN FLOOR WALLS     ,3,"B, C",,20,MAIN FLOOR WALLS     ,1000,Framing,XXXX-20-1000,PPPP,020.000,BC,1000,PPPP-020.000-BC-1000
020.000 MAIN FLOOR WALLS     ,3,"B, C, D",,20,MAIN FLOOR WALLS     ,1000,Framing,XXXX-20-1000,PPPP,020.000,BCD,1000,PPPP-020.000-BCD-1000
020.000 MAIN WALLS      ,3,D,,20,MAIN WALLS      ,1000,Framing,XXXX-20-1000,PPPP,020.000,D,1000,PPPP-020.000-D-1000
020.014 FRAMING MASONRY      ,3,,,20.ma,FRAMING MASONRY      ,1000,Framing,XXXX-20.ma-1000,PPPP,020.014,**,1000,PPPP-020.014-**-1000
020.001 MAIN WALLS READYFRAME     ,3,,,20.rf,MAIN WALLS READYFRAME     ,1000,Framing,XXXX-20.rf-1000,PPPP,020.001,**,1000,PPPP-020.001-**-1000
022.400 OPT 4 CAR GARAGE TANDEM WALLS  ,3,A,4CARTA,22.4,OPT 4 CAR GARAGE TANDEM WALLS  ,1000,Framing,XXXX-22.4-1000,PPPP,022.400,A,1000,PPPP-022.400-A-1000
022.400 OPT 4 CAR GARAGE TANDEM WALLS  ,3,"B, C","3CARTB, 3CARTC",22.4,OPT 4 CAR GARAGE TANDEM WALLS  ,1000,Framing,XXXX-22.4-1000,PPPP,022.400,BC,1000,PPPP-022.400-BC-1000
022.405 OPT 2 CAR GARAGE 4' EXT WALLS ,3,,2CAR4XA,22.4x,OPT 2 CAR GARAGE 4' EXT WALLS ,1000,Framing,XXXX-22.4x-1000,PPPP,022.405,A,1000,PPPP-022.405-A-1000
022.405 OPT 2 CAR GARAGE 4' EXT WALLS ,3,,2CAR4XB,22.4x,OPT 2 CAR GARAGE 4' EXT WALLS ,1000,Framing,XXXX-22.4x-1000,PPPP,022.405,B,1000,PPPP-022.405-B-1000
022.405 OPT 2 CAR GARAGE 4' EXT WALLS ,3,,2CAR4XC,22.4x,OPT 2 CAR GARAGE 4' EXT WALLS ,1000,Framing,XXXX-22.4x-1000,PPPP,022.405,C,1000,PPPP-022.405-C-1000
022.205 OPT EXTENDED GARAGE WALLS    ,3,,GAREXT2,22.2x,OPT EXTENDED GARAGE WALLS    ,1000,Framing,XXXX-22.2x-1000,PPPP,022.205,**,1000,PPPP-022.205-**-1000
022.205 OPT EXTENDED GARAGE WALLS    ,3,,GAREXT2,22.2x,OPT EXTENDED GARAGE WALLS    ,1000,Framing,XXXX-22.2x-1000,PPPP,022.205,**,1000,PPPP-022.205-**-1000
022.405 OPT 2 CAR GARAGE 4' EXT WALLS ,3,"A, B, C","2CAR4XA, 2CAR4XB, 2CAR4XC",22.4x,OPT 2 CAR GARAGE 4' EXT WALLS ,1000,Framing,XXXX-22.4x-1000,PPPP,022.405,ABC,1000,PPPP-022.405-ABC-1000
022.505 OPT 2 CAR GARAGE 5' EXT WALLS ,3,"A, B","2CAR5XA, 2CAR5XB",22.5x,OPT 2 CAR GARAGE 5' EXT WALLS ,1000,Framing,XXXX-22.5x-1000,PPPP,022.505,AB,1000,PPPP-022.505-AB-1000
022.505 OPT 2 CAR GARAGE 5' EXT WALLS ,3,C,2CAR5XC,22.5x,OPT 2 CAR GARAGE 5' EXT WALLS ,1000,Framing,XXXX-22.5x-1000,PPPP,022.505,C,1000,PPPP-022.505-C-1000
022.000 3RD CAR GARAGE WALLS    ,3,"A, B","3CARA, 3CARB",22,3RD CAR GARAGE WALLS    ,1000,Framing,XXXX-22-1000,PPPP,022.000,AB,1000,PPPP-022.000-AB-1000
022.000 3RD CAR GARAGE WALLS    ,3,"B, C, D","3CARB, 3CARC, 3CARD",22,3RD CAR GARAGE WALLS    ,1000,Framing,XXXX-22-1000,PPPP,022.000,BCD,1000,PPPP-022.000-BCD-1000
022.000 3RD CAR GARAGE WALLS    ,3,D,3CARD,22,3RD CAR GARAGE WALLS    ,1000,Framing,XXXX-22-1000,PPPP,022.000,D,1000,PPPP-022.000-D-1000
023.000 COVERED PATIO      ,3,,COVP,23,COVERED PATIO      ,1000,Framing,XXXX-23-1000,PPPP,023.000,**,1000,PPPP-023.000-**-1000
023.100 COVERED PATIO      ,3,,COVP1,23.1,COVERED PATIO      ,1000,Framing,XXXX-23.1-1000,PPPP,023.100,**,1000,PPPP-023.100-**-1000
023.200 COVERED PATIO 2     ,3,,COVP2,23.2,COVERED PATIO 2     ,1000,Framing,XXXX-23.2-1000,PPPP,023.200,**,1000,PPPP-023.200-**-1000
023.300 COVERED PATIO 3     ,3,,COVP3,23.3,COVERED PATIO 3     ,1000,Framing,XXXX-23.3-1000,PPPP,023.300,**,1000,PPPP-023.300-**-1000
023.610 SUNROOM COVERED PATIO     ,3,,COVPSN1,23.61,SUNROOM COVERED PATIO     ,1000,Framing,XXXX-23.61-1000,PPPP,023.610,**,1000,PPPP-023.610-**-1000
023.006 COVERED PATIO @ SUNROOM    ,3,,SUN,23.sr,COVERED PATIO @ SUNROOM    ,1000,Framing,XXXX-23.sr-1000,PPPP,023.006,**,1000,PPPP-023.006-**-1000
023.005 EXTENDED COVERED PATIO     ,3,,COVPX,23.xc,EXTENDED COVERED PATIO     ,1000,Framing,XXXX-23.xc-1000,PPPP,023.005,**,1000,PPPP-023.005-**-1000
024.000 DECK FRAMING      ,3,,WO,24,DECK FRAMING      ,1000,Framing,XXXX-24-1000,PPPP,024.000,**,1000,PPPP-024.000-**-1000
024.100 DECK FRAMING      ,3,,DECK,24.1,DECK FRAMING      ,1000,Framing,XXXX-24.1-1000,PPPP,024.100,**,1000,PPPP-024.100-**-1000
024.200 DECK FRAMING      ,3,,DECK2,24.2,DECK FRAMING      ,1000,Framing,XXXX-24.2-1000,PPPP,024.200,**,1000,PPPP-024.200-**-1000
024.300 DECK FRAMING      ,3,,DECK3,24.3,DECK FRAMING      ,1000,Framing,XXXX-24.3-1000,PPPP,024.300,**,1000,PPPP-024.300-**-1000
024.605 DECK FRAMING @ EXT GRT RM WALKOUT ,3,,DECKX,24.6,DECK FRAMING @ EXT GRT RM WALKOUT ,1000,Framing,XXXX-24.6-1000,PPPP,024.605,**,1000,PPPP-024.605-**-1000
024.005 EXT DECK FRAMING     ,3,,"COVD2, WO",24.ed,EXT DECK FRAMING     ,1000,Framing,XXXX-24.ed-1000,PPPP,024.005,**,1000,PPPP-024.005-**-1000
024.006 DECK FRAMING @ SUNROOM    ,3,,"SUN, COVD1SN, SUNWO",24.sr,DECK FRAMING @ SUNROOM    ,1000,Framing,XXXX-24.sr-1000,PPPP,024.006,**,1000,PPPP-024.006-**-1000
024.006 DECK FRAMING @ SUNROOM    ,3,,"COVD1SN, SUNWO",24.sr,DECK FRAMING @ SUNROOM    ,1000,Framing,XXXX-24.sr-1000,PPPP,024.006,**,1000,PPPP-024.006-**-1000
025.100 COVERED DECK      ,3,,COVD,25.1,COVERED DECK      ,1000,Framing,XXXX-25.1-1000,PPPP,025.100,**,1000,PPPP-025.100-**-1000
025.100 COVERED DECK FRAMING     ,3,,COVD,25.1,COVERED DECK FRAMING     ,1000,Framing,XXXX-25.1-1000,PPPP,025.100,**,1000,PPPP-025.100-**-1000
025.101 COVERED DECK STAIR FRAMING    ,3,,COVD,25.1s,COVERED DECK STAIR FRAMING    ,1000,Framing,XXXX-25.1s-1000,PPPP,025.101,**,1000,PPPP-025.101-**-1000
025.200 COVERED DECK FRAMING     ,3,,COVD2,25.2,COVERED DECK FRAMING     ,1000,Framing,XXXX-25.2-1000,PPPP,025.200,**,1000,PPPP-025.200-**-1000
025.300 COVERED DECK FRAMING     ,3,,COVD3,25.3,COVERED DECK FRAMING     ,1000,Framing,XXXX-25.3-1000,PPPP,025.300,**,1000,PPPP-025.300-**-1000
025.008 DECK FRAMING      ,3,,TALLCRWL,25.tc,DECK FRAMING      ,1000,Framing,XXXX-25.tc-1000,PPPP,025.008,**,1000,PPPP-025.008-**-1000
027.000 MAIN FLOOR SHAFTLINER     ,3,A,,27,MAIN FLOOR SHAFTLINER     ,1000,Framing,XXXX-27-1000,PPPP,027.000,A,1000,PPPP-027.000-A-1000
030.000 2ND FLOOR SYSTEM     ,3,,,30,2ND FLOOR SYSTEM     ,1000,Framing,XXXX-30-1000,PPPP,030.000,**,1000,PPPP-030.000-**-1000
030.000 2ND FLOOR SYSTEM|     ,3,,,30,2ND FLOOR SYSTEM|     ,1000,Framing,XXXX-30-1000,PPPP,030.000,**,1000,PPPP-030.000-**-1000
030.210 OPT DBA DELUXE MASTER BATH 1  ,3,,DBA,30.21,OPT DBA DELUXE MASTER BATH 1  ,1000,Framing,XXXX-30.21-1000,PPPP,030.210,**,1000,PPPP-030.210-**-1000
030.220 OPT DBA2 DELUXE MASTER BATH 2  ,3,,DBA2,30.22,OPT DBA2 DELUXE MASTER BATH 2  ,1000,Framing,XXXX-30.22-1000,PPPP,030.220,**,1000,PPPP-030.220-**-1000
030.620 OPT LOFT2 2ND FLOOR SYSTEM (SHIP WITH MAIN,3,,LOFT2,30.62,OPT LOFT2 2ND FLOOR SYSTEM (SHIP WITH MAIN,1000,Framing,XXXX-30.62-1000,PPPP,030.620,**,1000,PPPP-030.620-**-1000
030.004 2ND FLOOR SYSTEM (SHIP WITH MAIN WALLS ,3,"A, B, C",,30.nl,2ND FLOOR SYSTEM (SHIP WITH MAIN WALLS ,1000,Framing,XXXX-30.nl-1000,PPPP,030.004,ABC,1000,PPPP-030.004-ABC-1000
030.000 2ND FLOOR SYSTEM     ,3,"B, C, D",,30,2ND FLOOR SYSTEM     ,1000,Framing,XXXX-30-1000,PPPP,030.000,BCD,1000,PPPP-030.000-BCD-1000
032.000 2ND FLOOR SUBFLOOR     ,4,,,32,2ND FLOOR SUBFLOOR     ,1000,Framing,XXXX-32-1000,PPPP,032.000,**,1000,PPPP-032.000-**-1000
032.623 OPT LOFT2 2ND FLOOR SUBFLOOR   ,4,,LOFT2,32.62,OPT LOFT2 2ND FLOOR SUBFLOOR   ,1000,Framing,XXXX-32.62-1000,PPPP,032.623,**,1000,PPPP-032.623-**-1000
032.003 2ND FLOOR SUBFLOOR @ LOFT,4,,LOFT,32.lo,2ND FLOOR SUBFLOOR @ LOFT,1000,Framing,XXXX-32.lo-1000,PPPP,032.003,**,1000,PPPP-032.003-**-1000
032.000 2ND FLOOR SUBFLOOR     ,4,,,32,2ND FLOOR SUBFLOOR     ,1000,Framing,XXXX-32-1000,PPPP,032.000,**,1000,PPPP-032.000-**-1000
032.000 2ND FLOOR SUBFLOOR     ,4,"B, C, D",,32,2ND FLOOR SUBFLOOR     ,1000,Framing,XXXX-32-1000,PPPP,032.000,BCD,1000,PPPP-032.000-BCD-1000
034.100 LAUNDRY ROOM WINDOW     ,4,,,34.1,LAUNDRY ROOM WINDOW     ,1000,Framing,XXXX-34.1-1000,PPPP,034.100,**,1000,PPPP-034.100-**-1000
034.100 OPT BATHROOM 2 WINDOW    ,4,,,34.1,OPT BATHROOM 2 WINDOW    ,1000,Framing,XXXX-34.1-1000,PPPP,034.100,**,1000,PPPP-034.100-**-1000
034.110 OPT MASTER BEDROOM WINDOW(S)    ,4,,WDWMBR,34.11,OPT MASTER BEDROOM WINDOW(S)    ,1000,Framing,XXXX-34.11-1000,PPPP,034.110,**,1000,PPPP-034.110-**-1000
034.140 OPT BEDROOM 2 WINDOW    ,4,,WDWBR2,34.14,OPT BEDROOM 2 WINDOW    ,1000,Framing,XXXX-34.14-1000,PPPP,034.140,**,1000,PPPP-034.140-**-1000
034.150 OPT BEDROOM 3 WINDOW    ,4,,WDWBR3,34.15,OPT BEDROOM 3 WINDOW    ,1000,Framing,XXXX-34.15-1000,PPPP,034.150,**,1000,PPPP-034.150-**-1000
034.160 OPT BATHROOM 2 WINDOW    ,4,,WDWBA2,34.16,OPT BATHROOM 2 WINDOW    ,1000,Framing,XXXX-34.16-1000,PPPP,034.160,**,1000,PPPP-034.160-**-1000
034.210 OPT DBA DELUXE MASTER BATH 1  ,4,,DBA,34.21,OPT DBA DELUXE MASTER BATH 1  ,1000,Framing,XXXX-34.21-1000,PPPP,034.210,**,1000,PPPP-034.210-**-1000
034.220 OPT DBA2 DELUXE MASTER BATH 2  ,4,,DBA2,34.22,OPT DBA2 DELUXE MASTER BATH 2  ,1000,Framing,XXXX-34.22-1000,PPPP,034.220,**,1000,PPPP-034.220-**-1000
034.230 OPT DELUXE MBA1     ,4,,,34.23,OPT DELUXE MBA1     ,1000,Framing,XXXX-34.23-1000,PPPP,034.230,**,1000,PPPP-034.230-**-1000
034.240 OPT BEDROOM 4     ,4,,ABR4,34.24,OPT BEDROOM 4     ,1000,Framing,XXXX-34.24-1000,PPPP,034.240,**,1000,PPPP-034.240-**-1000
034.240 OPT BEDROOM 4     ,4,"B, C, D",,34.24,OPT BEDROOM 4     ,1000,Framing,XXXX-34.24-1000,PPPP,034.240,BCD,1000,PPPP-034.240-BCD-1000
034.250 OPT BEDROOM 5     ,4,,ABR5,34.25,OPT BEDROOM 5     ,1000,Framing,XXXX-34.25-1000,PPPP,034.250,**,1000,PPPP-034.250-**-1000
034.250 OPT BEDROOM 5     ,4,,ABR5BA3,34.25,OPT BEDROOM 5     ,1000,Framing,XXXX-34.25-1000,PPPP,034.250,**,1000,PPPP-034.250-**-1000
034.250 OPT BEDROOM 5     ,4,,ABR5BA4,34.25,OPT BEDROOM 5     ,1000,Framing,XXXX-34.25-1000,PPPP,034.250,**,1000,PPPP-034.250-**-1000
034.260 OPT BEDROOM 6     ,4,,ABR6,34.26,OPT BEDROOM 6     ,1000,Framing,XXXX-34.26-1000,PPPP,034.260,**,1000,PPPP-034.260-**-1000
034.260 OPT BEDROOM 6 W/ BATHROOM   ,4,,ABR6,34.26,OPT BEDROOM 6 W/ BATHROOM   ,1000,Framing,XXXX-34.26-1000,PPPP,034.260,**,1000,PPPP-034.260-**-1000
034.270 OPT MBR SITTING     ,4,,SITTING,34.27,OPT MBR SITTING     ,1000,Framing,XXXX-34.27-1000,PPPP,034.270,**,1000,PPPP-034.270-**-1000
034.610 LOFT BECOMES BEDROOM     ,4,,,34.61,LOFT BECOMES BEDROOM     ,1000,Framing,XXXX-34.61-1000,PPPP,034.610,**,1000,PPPP-034.610-**-1000
034.620 OPT LOFT2 2ND FLOOR WALLS   ,4,,LOFT2,34.62,OPT LOFT2 2ND FLOOR WALLS   ,1000,Framing,XXXX-34.62-1000,PPPP,034.620,**,1000,PPPP-034.620-**-1000
034.800 OPT RETREAT      ,4,,,34.8,OPT RETREAT      ,1000,Framing,XXXX-34.8-1000,PPPP,034.800,**,1000,PPPP-034.800-**-1000
034.800 OPT RETREAT      ,4,"B, C, D",,34.8,OPT RETREAT      ,1000,Framing,XXXX-34.8-1000,PPPP,034.800,BCD,1000,PPPP-034.800-BCD-1000
034.003 2ND FLOOR WALLS (LOFT)    ,4,"A, B, C",,34.lp,2ND FLOOR WALLS (LOFT)    ,1000,Framing,XXXX-34.lp-1000,PPPP,034.003,ABC,1000,PPPP-034.003-ABC-1000
034.004 2ND FLOOR WALLS (NO LOFT)   ,4,"A, B, C",,34.nl,2ND FLOOR WALLS (NO LOFT)   ,1000,Framing,XXXX-34.nl-1000,PPPP,034.004,ABC,1000,PPPP-034.004-ABC-1000
034.909 2ND FLOOR WALLS 9'    ,4,,,34.9t,2ND FLOOR WALLS 9'    ,1000,Framing,XXXX-34.9t-1000,PPPP,034.909,**,1000,PPPP-034.909-**-1000
034.909 2ND WALLS 9' CEILING    ,4,,92L,34.9t,2ND WALLS 9' CEILING    ,1000,Framing,XXXX-34.9t-1000,PPPP,034.909,**,1000,PPPP-034.909-**-1000
034.000 2ND FLOOR WALLS     ,4,,,34,2ND FLOOR WALLS     ,1000,Framing,XXXX-34-1000,PPPP,034.000,**,1000,PPPP-034.000-**-1000
034.000 2ND FLOOR WALLS     ,4,"B, C, D",,34,2ND FLOOR WALLS     ,1000,Framing,XXXX-34-1000,PPPP,034.000,BCD,1000,PPPP-034.000-BCD-1000
034.000 2ND FLOOR WALLS     ,4,C,,34,2ND FLOOR WALLS     ,1000,Framing,XXXX-34-1000,PPPP,034.000,C,1000,PPPP-034.000-C-1000
034.000 2ND FLOOR WALLS     ,4,D,,34,2ND FLOOR WALLS     ,1000,Framing,XXXX-34-1000,PPPP,034.000,D,1000,PPPP-034.000-D-1000
034.001 2ND FLOOR WALLS READYFRAME    ,4,,,34.rf,2ND FLOOR WALLS READYFRAME    ,1000,Framing,XXXX-34.rf-1000,PPPP,034.001,**,1000,PPPP-034.001-**-1000
034.001 2ND FLOOR WALLS READYFRAME    ,4,"B, C",,34.rf,2ND FLOOR WALLS READYFRAME    ,1000,Framing,XXXX-34.rf-1000,PPPP,034.001,BC,1000,PPPP-034.001-BC-1000
034.001 2ND FLOOR WALLS READYFRAME    ,4,"B, C, D",,34.rf,2ND FLOOR WALLS READYFRAME    ,1000,Framing,XXXX-34.rf-1000,PPPP,034.001,BCD,1000,PPPP-034.001-BCD-1000
034.001 2ND FLOOR WALLS READYFRAME    ,4,D,,34.rf,2ND FLOOR WALLS READYFRAME    ,1000,Framing,XXXX-34.rf-1000,PPPP,034.001,D,1000,PPPP-034.001-D-1000
040.000 ROOF       ,5,,,40,ROOF       ,1000,Framing,XXXX-40-1000,PPPP,040.000,**,1000,PPPP-040.000-**-1000
040.600 EXTENDED GREAT ROOM ROOF    ,5,,"XGREAT, WO2",40.6,EXTENDED GREAT ROOM ROOF    ,1000,Framing,XXXX-40.6-1000,PPPP,040.600,**,1000,PPPP-040.600-**-1000
040.610 ROOF SUNROOM      ,5,,SUN,40.61,ROOF SUNROOM      ,1000,Framing,XXXX-40.61-1000,PPPP,040.610,**,1000,PPPP-040.610-**-1000
040.800 OPT BUILD-OUT ROOF,5,"A, C, D",,40.8,OPT BUILD-OUT ROOF,1000,Framing,XXXX-40.8-1000,PPPP,040.800,ACD,1000,PPPP-040.800-ACD-1000
040.000 ROOF       ,5,B,,40,ROOF       ,1000,Framing,XXXX-40-1000,PPPP,040.000,B,1000,PPPP-040.000-B-1000
040.000 ROOF       ,5,"B, C",,40,ROOF       ,1000,Framing,XXXX-40-1000,PPPP,040.000,BC,1000,PPPP-040.000-BC-1000
040.000 ROOF       ,5,"B, C, D",,40,ROOF       ,1000,Framing,XXXX-40-1000,PPPP,040.000,BCD,1000,PPPP-040.000-BCD-1000
040.000 ROOF       ,5,C,,40,ROOF       ,1000,Framing,XXXX-40-1000,PPPP,040.000,C,1000,PPPP-040.000-C-1000
040.000 ROOF       ,5,D,,40,ROOF       ,1000,Framing,XXXX-40-1000,PPPP,040.000,D,1000,PPPP-040.000-D-1000
040.006 ROOF GABLE SHEETING     ,5,,,40.gs,ROOF GABLE SHEETING     ,1000,Framing,XXXX-40.gs-1000,PPPP,040.006,**,1000,PPPP-040.006-**-1000
040.006 ROOF GABLE SHEETING     ,5,A,,40.gs,ROOF GABLE SHEETING     ,1000,Framing,XXXX-40.gs-1000,PPPP,040.006,A,1000,PPPP-040.006-A-1000
040.006 ROOF GABLE SHEETING     ,5,B,,40.gs,ROOF GABLE SHEETING     ,1000,Framing,XXXX-40.gs-1000,PPPP,040.006,B,1000,PPPP-040.006-B-1000
042.400 OPT 4 CAR GARAGE TANDEM ROOF  ,5,"A, B","3CARTA, 3CARTB",42.4,OPT 4 CAR GARAGE TANDEM ROOF  ,1000,Framing,XXXX-42.4-1000,PPPP,042.400,AB,1000,PPPP-042.400-AB-1000
042.400 OPT 4 CAR GARAGE TANDEM ROOF  ,5,C,3CARTC,42.4,OPT 4 CAR GARAGE TANDEM ROOF  ,1000,Framing,XXXX-42.4-1000,PPPP,042.400,C,1000,PPPP-042.400-C-1000
042.405 OPT 2 CAR GARAGE 4' EXT ROOF ,5,,2CAR4XA,42.4x,OPT 2 CAR GARAGE 4' EXT ROOF ,1000,Framing,XXXX-42.4x-1000,PPPP,042.405,**,1000,PPPP-042.405-**-1000
042.405 OPT 2 CAR GARAGE 4' EXT ROOF ,5,,2CAR4XB,42.4x,OPT 2 CAR GARAGE 4' EXT ROOF ,1000,Framing,XXXX-42.4x-1000,PPPP,042.405,**,1000,PPPP-042.405-**-1000
042.405 OPT 2 CAR GARAGE 4' EXT ROOF ,5,,2CAR4XC,42.4x,OPT 2 CAR GARAGE 4' EXT ROOF ,1000,Framing,XXXX-42.4x-1000,PPPP,042.405,**,1000,PPPP-042.405-**-1000
042.405 OPT 2 CAR GARAGE 4' EXT ROOF ,5,"A, B","2CAR4XA, 2CAR4XB",42.4x,OPT 2 CAR GARAGE 4' EXT ROOF ,1000,Framing,XXXX-42.4x-1000,PPPP,042.405,AB,1000,PPPP-042.405-AB-1000
042.405 OPT 2 CAR GARAGE 4' EXT ROOF ,5,C,2CAR4XC,42.4x,OPT 2 CAR GARAGE 4' EXT ROOF ,1000,Framing,XXXX-42.4x-1000,PPPP,042.405,C,1000,PPPP-042.405-C-1000
042.505 OPT 2 CAR GARAGE 5' EXT ROOF ,5,"A, B","2CAR5XA, 2CAR5XB",42.5x,OPT 2 CAR GARAGE 5' EXT ROOF ,1000,Framing,XXXX-42.5x-1000,PPPP,042.505,AB,1000,PPPP-042.505-AB-1000
042.505 OPT 2 CAR GARAGE 5' EXT ROOF ,5,C,2CAR5XC,42.5x,OPT 2 CAR GARAGE 5' EXT ROOF ,1000,Framing,XXXX-42.5x-1000,PPPP,042.505,C,1000,PPPP-042.505-C-1000
042.000 OPT 3RD CAR GARAGE ROOF   ,5,A,3CARA,42,OPT 3RD CAR GARAGE ROOF   ,1000,Framing,XXXX-42-1000,PPPP,042.000,A,1000,PPPP-042.000-A-1000
042.000 OPT 3RD CAR GARAGE ROOF   ,5,"A, B","3CARA, 3CARB",42,OPT 3RD CAR GARAGE ROOF   ,1000,Framing,XXXX-42-1000,PPPP,042.000,AB,1000,PPPP-042.000-AB-1000
042.000 3RD CAR GARAGE ROOF    ,5,"B, C, D",,42,3RD CAR GARAGE ROOF    ,1000,Framing,XXXX-42-1000,PPPP,042.000,BCD,1000,PPPP-042.000-BCD-1000
042.000 3RD CAR GARAGE ROOF    ,5,"B, D",,42,3RD CAR GARAGE ROOF    ,1000,Framing,XXXX-42-1000,PPPP,042.000,BD,1000,PPPP-042.000-BD-1000
042.000 3RD CAR GARAGE ROOF    ,5,C,,42,3RD CAR GARAGE ROOF    ,1000,Framing,XXXX-42-1000,PPPP,042.000,C,1000,PPPP-042.000-C-1000
043.000 COVERED PATIO ROOF     ,5,,COVP,43,COVERED PATIO ROOF     ,1000,Framing,XXXX-43-1000,PPPP,043.000,**,1000,PPPP-043.000-**-1000
043.100 OPT COVERED PATIO 1 ROOF   ,5,,,43.1,OPT COVERED PATIO 1 ROOF   ,1000,Framing,XXXX-43.1-1000,PPPP,043.100,**,1000,PPPP-043.100-**-1000
043.200 OPT COVERED PATIO 2 ROOF   ,5,,,43.2,OPT COVERED PATIO 2 ROOF   ,1000,Framing,XXXX-43.2-1000,PPPP,043.200,**,1000,PPPP-043.200-**-1000
043.300 OPT COVERED PATIO 2 ROOF   ,5,,"COVD3, COVP3",43.3,OPT COVERED PATIO 2 ROOF   ,1000,Framing,XXXX-43.3-1000,PPPP,043.300,**,1000,PPPP-043.300-**-1000
043.610 SUNROOM COVERED PATIO ROOF    ,5,,COVPSN1,43.61,SUNROOM COVERED PATIO ROOF    ,1000,Framing,XXXX-43.61-1000,PPPP,043.610,**,1000,PPPP-043.610-**-1000
043.910 COVERED PATIO @ SUNROOM ROOF   ,5,"A, B, C","COVPSN1, COVD1SN",43.sr,COVERED PATIO @ SUNROOM ROOF   ,1000,Framing,XXXX-43.sr-1000,PPPP,043.910,ABC,1000,PPPP-043.910-ABC-1000
043.920 EXTENDED COVERED PATIO ROOF    ,5,,COVPX,43.xc,EXTENDED COVERED PATIO ROOF    ,1000,Framing,XXXX-43.xc-1000,PPPP,043.920,**,1000,PPPP-043.920-**-1000
045.000 EXT COVERED PATIO     ,5,,,45,EXT COVERED PATIO     ,1000,Framing,XXXX-45-1000,PPPP,045.000,**,1000,PPPP-045.000-**-1000
045.100 OPT COVERED DECK ROOF    ,5,,COVD,45.1,OPT COVERED DECK ROOF    ,1000,Framing,XXXX-45.1-1000,PPPP,045.100,**,1000,PPPP-045.100-**-1000
045.200 OPT COVERED DECK 2 ROOF   ,5,,COVD2,45.2,OPT COVERED DECK 2 ROOF   ,1000,Framing,XXXX-45.2-1000,PPPP,045.200,**,1000,PPPP-045.200-**-1000
045.300 OPT COVERED DECK ROOF    ,5,,COVD3,45.3,OPT COVERED DECK ROOF    ,1000,Framing,XXXX-45.3-1000,PPPP,045.300,**,1000,PPPP-045.300-**-1000
058.000 HOUSEWRAP       ,6,,,58,HOUSEWRAP       ,1100,Siding,XXXX-58-1100,PPPP,058.000,**,2100,PPPP-058.000-**-2100
058.000 HOUSEWRAP       ,6,"B, C, D",,58,HOUSEWRAP       ,1100,Siding,XXXX-58-1100,PPPP,058.000,BCD,2100,PPPP-058.000-BCD-2100
058.000 HOUSEWRAP       ,6,"C, D",,58,HOUSEWRAP       ,1100,Siding,XXXX-58-1100,PPPP,058.000,CD,2100,PPPP-058.000-CD-2100
060.020 OPT GREAT ROOM WINDOWS SIDING   ,7,,WDWGREAT,60.02,OPT GREAT ROOM WINDOWS SIDING   ,1100,Siding,XXXX-60.02-1100,PPPP,060.020,**,2100,PPPP-060.020-**-2100
060.020 OPT ALT GREAT ROOM WINDOWS W/ FIREPLACE ,7,,WDWGRALT,60.02,OPT ALT GREAT ROOM WINDOWS W/ FIREPLACE ,1100,Siding,XXXX-60.02-1100,PPPP,060.020,**,2100,PPPP-060.020-**-2100
060.000 OPT GREAT ROOM WINDOW(S) @ EXT GRT RM,7,,WDWGRTX,60.0x,OPT GREAT ROOM WINDOW(S) @ EXT GRT RM,1100,Siding,XXXX-60.0x-1100,PPPP,060.000,**,2100,PPPP-060.000-**-2100
060.110 OPT MASTER BEDROOM WINDOWS SIDING   ,7,,WDWMBR,60.11,OPT MASTER BEDROOM WINDOWS SIDING   ,1100,Siding,XXXX-60.11-1100,PPPP,060.110,**,2100,PPPP-060.110-**-2100
060.120 OPT CENTER MEET DOOR SIDING   ,7,,MSLIDE1,60.12,OPT CENTER MEET DOOR SIDING   ,1100,Siding,XXXX-60.12-1100,PPPP,060.120,**,2100,PPPP-060.120-**-2100
060.130 OPT 12' MULTI     ,7,,"SLIDE DOOR SIDING, MSLIDE2",60.13,OPT 12' MULTI     ,1100,Siding,XXXX-60.13-1100,PPPP,060.130,**,2100,PPPP-060.130-**-2100
060.140 OPT BEDROOM 2 WINDOW SIDING   ,7,,WDWBR2,60.14,OPT BEDROOM 2 WINDOW SIDING   ,1100,Siding,XXXX-60.14-1100,PPPP,060.140,**,2100,PPPP-060.140-**-2100
060.150 OPT BEDROOM 3 WINDOW SIDING   ,7,,WDWBR3,60.15,OPT BEDROOM 3 WINDOW SIDING   ,1100,Siding,XXXX-60.15-1100,PPPP,060.150,**,2100,PPPP-060.150-**-2100
060.160 OPT BEDROOM 4 WINDOW SIDING   ,7,,WDWBR4,60.16,OPT BEDROOM 4 WINDOW SIDING   ,1100,Siding,XXXX-60.16-1100,PPPP,060.160,**,2100,PPPP-060.160-**-2100
060.170 OPT BEDROOM 5 WINDOW SIDING   ,7,,WDWBR5,60.17,OPT BEDROOM 5 WINDOW SIDING   ,1100,Siding,XXXX-60.17-1100,PPPP,060.170,**,2100,PPPP-060.170-**-2100
060.190 OPT STUDY WINDOW SIDING    ,7,,WDWSTUDY,60.19,OPT STUDY WINDOW SIDING    ,1100,Siding,XXXX-60.19-1100,PPPP,060.190,**,2100,PPPP-060.190-**-2100
060.210 OPT DBA DELUXE MASTER BATH 1 SIDING ,7,,DBA,60.21,OPT DBA DELUXE MASTER BATH 1 SIDING ,1100,Siding,XXXX-60.21-1100,PPPP,060.210,**,2100,PPPP-060.210-**-2100
060.220 OPT DBA2 DELUXE MASTER BATH 2 SIDING ,7,,DBA2,60.22,OPT DBA2 DELUXE MASTER BATH 2 SIDING ,1100,Siding,XXXX-60.22-1100,PPPP,060.220,**,2100,PPPP-060.220-**-2100
060.240 OPT BEDROOM 4 SIDING    ,7,,ABR4BA,60.24,OPT BEDROOM 4 SIDING    ,1100,Siding,XXXX-60.24-1100,PPPP,060.240,**,2100,PPPP-060.240-**-2100
060.270 OPT MBR SITTING SIDING    ,7,,SITTING,60.27,OPT MBR SITTING SIDING    ,1100,Siding,XXXX-60.27-1100,PPPP,060.270,**,2100,PPPP-060.270-**-2100
060.605 EXTENDED GREAT ROOM SIDING    ,7,,"XGREAT, WO2",60.6x,EXTENDED GREAT ROOM SIDING    ,1100,Siding,XXXX-60.6x-1100,PPPP,060.605,**,2100,PPPP-060.605-**-2100
060.610 SIDING SUNROOM      ,7,,SUN,60.61,SIDING SUNROOM      ,1100,Siding,XXXX-60.61-1100,PPPP,060.610,**,2100,PPPP-060.610-**-2100
060.800 OPT BUILD      ,7,,OPT BUILD-OUT SIDING,60.8,OPT BUILD      ,1100,Siding,XXXX-60.8-1100,PPPP,060.800,**,2100,PPPP-060.800-**-2100
060.015 PORCH RAIL      ,7,,PORRAIL,60.pr,PORCH RAIL      ,1100,Siding,XXXX-60.pr-1100,PPPP,060.015,**,2100,PPPP-060.015-**-2100
060.007 EXTERIOR POST WRAP     ,7 or 8,A,,60.pw,EXTERIOR POST WRAP     ,1100,Siding,XXXX-60.pw-1100,PPPP,060.007,A,2100,PPPP-060.007-A-2100
060.008 SIDING       ,7,,TLLCRWL,60.tc,SIDING       ,1100,Siding,XXXX-60.tc-1100,PPPP,060.008,**,2100,PPPP-060.008-**-2100
060.000 EXTERIOR TRIM AND SIDING    ,7,B,,60,EXTERIOR TRIM AND SIDING    ,1100,Siding,XXXX-60-1100,PPPP,060.000,B,2100,PPPP-060.000-B-2100
060.000 EXTERIOR TRIM AND SIDING    ,7,"B, C, D",,60,EXTERIOR TRIM AND SIDING    ,1100,Siding,XXXX-60-1100,PPPP,060.000,BCD,2100,PPPP-060.000-BCD-2100
060.000 EXTERIOR TRIM AND SIDING    ,7,C,,60,EXTERIOR TRIM AND SIDING    ,1100,Siding,XXXX-60-1100,PPPP,060.000,C,2100,PPPP-060.000-C-2100
060.000 EXTERIOR TRIM AND SIDING    ,7,D,,60,EXTERIOR TRIM AND SIDING    ,1100,Siding,XXXX-60-1100,PPPP,060.000,D,2100,PPPP-060.000-D-2100
060.011 EXTERIOR TRIM AND SIDING CORNER ENHANCED  ,7,,,60.ec,EXTERIOR TRIM AND SIDING CORNER ENHANCED  ,1100,Siding,XXXX-60.ec-1100,PPPP,060.011,**,2100,PPPP-060.011-**-2100
060.011 EXTERIOR TRIM AND SIDING CORNER ENHANCED  ,7,,,60.ec,EXTERIOR TRIM AND SIDING CORNER ENHANCED  ,1100,Siding,XXXX-60.ec-1100,PPPP,060.011,**,2100,PPPP-060.011-**-2100
060.011 EXTERIOR TRIM AND SIDING CORNER ENHANCED  ,7,,,60.ec,EXTERIOR TRIM AND SIDING CORNER ENHANCED  ,1100,Siding,XXXX-60.ec-1100,PPPP,060.011,**,2100,PPPP-060.011-**-2100
060.012 EXTERIOR TRIM AND SIDING REAR ENHANCED  ,7,,,60.er,EXTERIOR TRIM AND SIDING REAR ENHANCED  ,1100,Siding,XXXX-60.er-1100,PPPP,060.012,**,2100,PPPP-060.012-**-2100
060.012 EXTERIOR TRIM AND SIDING REAR ENHANCED  ,7,,,60.er,EXTERIOR TRIM AND SIDING REAR ENHANCED  ,1100,Siding,XXXX-60.er-1100,PPPP,060.012,**,2100,PPPP-060.012-**-2100
060.012 EXTERIOR TRIM AND SIDING REAR ENHANCED  ,7,,,60.er,EXTERIOR TRIM AND SIDING REAR ENHANCED  ,1100,Siding,XXXX-60.er-1100,PPPP,060.012,**,2100,PPPP-060.012-**-2100
060.013 FAUX WOOD      ,7,,,60.fw,FAUX WOOD      ,1100,Siding,XXXX-60.fw-1100,PPPP,060.013,**,2100,PPPP-060.013-**-2100
060.014 EXTERIOR TRIM AND SIDING MASONRY   ,7,,,60.ma,EXTERIOR TRIM AND SIDING MASONRY   ,1100,Siding,XXXX-60.ma-1100,PPPP,060.014,**,2100,PPPP-060.014-**-2100
060.008 EXTERIOR POST WRAP     ,7 or 8,,,60.pw,EXTERIOR POST WRAP     ,1100,Siding,XXXX-60.pw-1100,PPPP,060.008,**,2100,PPPP-060.008-**-2100
062.400 4 CAR GARAGE TANDEM SIDING AND TRIM ,7,A,3CARTA,62.4,4 CAR GARAGE TANDEM SIDING AND TRIM ,1100,Siding,XXXX-62.4-1100,PPPP,062.400,A,2100,PPPP-062.400-A-2100
062.400 4 CAR GARAGE TANDEM SIDING AND TRIM ,7,B,3CARTB,62.4,4 CAR GARAGE TANDEM SIDING AND TRIM ,1100,Siding,XXXX-62.4-1100,PPPP,062.400,B,2100,PPPP-062.400-B-2100
062.400 4 CAR GARAGE TANDEM SIDING AND TRIM ,7,C,3CARTC,62.4,4 CAR GARAGE TANDEM SIDING AND TRIM ,1100,Siding,XXXX-62.4-1100,PPPP,062.400,C,2100,PPPP-062.400-C-2100
062.405 OPT 2 CAR GARAGE 4' EXT SIDING AND,7,,2CAR4XA,62.4x,OPT 2 CAR GARAGE 4' EXT SIDING AND,1100,Siding,XXXX-62.4x-1100,PPPP,062.405,**,2100,PPPP-062.405-**-2100
062.405 OPT 2 CAR GARAGE 4' EXT SIDING AND,7,,2CAR4XB,62.4x,OPT 2 CAR GARAGE 4' EXT SIDING AND,1100,Siding,XXXX-62.4x-1100,PPPP,062.405,**,2100,PPPP-062.405-**-2100
062.405 OPT 2 CAR GARAGE 4' EXT SIDING AND,7,,2CAR4XC,62.4x,OPT 2 CAR GARAGE 4' EXT SIDING AND,1100,Siding,XXXX-62.4x-1100,PPPP,062.405,**,2100,PPPP-062.405-**-2100
062.405 OPT 2 CAR GARAGE 4' EXT SIDING AND,7,A,2CAR4XA,62.4x,OPT 2 CAR GARAGE 4' EXT SIDING AND,1100,Siding,XXXX-62.4x-1100,PPPP,062.405,A,2100,PPPP-062.405-A-2100
062.505 2 CAR GARAGE 5' EXT. SIDING AND TRIM,7,A,2CAR5XA,62.5x,2 CAR GARAGE 5' EXT. SIDING AND TRIM,1100,Siding,XXXX-62.5x-1100,PPPP,062.505,A,2100,PPPP-062.505-A-2100
062.505 2 CAR GARAGE 5' EXT. SIDING AND TRIM,7,B,2CAR5XB,62.5x,2 CAR GARAGE 5' EXT. SIDING AND TRIM,1100,Siding,XXXX-62.5x-1100,PPPP,062.505,B,2100,PPPP-062.505-B-2100
062.505 2 CAR GARAGE 5' EXT. SIDING AND TRIM,7,C,2CAR5XC,62.5x,2 CAR GARAGE 5' EXT. SIDING AND TRIM,1100,Siding,XXXX-62.5x-1100,PPPP,062.505,C,2100,PPPP-062.505-C-2100
062.405 OPT 2 CAR GARAGE 4' EXT SIDING AND,7,,2CAR4XB,62.4x,OPT 2 CAR GARAGE 4' EXT SIDING AND,1100,Siding,XXXX-62.4x-1100,PPPP,062.405,**,2100,PPPP-062.405-**-2100
062.405 OPT 2 CAR GARAGE 4' EXT SIDING AND,7,,2CAR4XC,62.4x,OPT 2 CAR GARAGE 4' EXT SIDING AND,1100,Siding,XXXX-62.4x-1100,PPPP,062.405,**,2100,PPPP-062.405-**-2100
062.000 3RD CAR GARAGE SIDING AND TRIM  ,7,A,3CARA,62,3RD CAR GARAGE SIDING AND TRIM  ,1100,Siding,XXXX-62-1100,PPPP,062.000,A,2100,PPPP-062.000-A-2100
062.000 OPT 3CAR EXTERIOR TRIM AND SIDING  ,7,A,3CARA,62,OPT 3CAR EXTERIOR TRIM AND SIDING  ,1100,Siding,XXXX-62-1100,PPPP,062.000,A,2100,PPPP-062.000-A-2100
062.000 3RD CAR GARAGE SIDING AND TRIM  ,7,B,3CARB,62,3RD CAR GARAGE SIDING AND TRIM  ,1100,Siding,XXXX-62-1100,PPPP,062.000,B,2100,PPPP-062.000-B-2100
062.000 3RD CAR GARAGE SIDING AND TRIM  ,7,B,3CARB,62,3RD CAR GARAGE SIDING AND TRIM  ,1100,Siding,XXXX-62-1100,PPPP,062.000,B,2100,PPPP-062.000-B-2100
062.000 3RD CAR GARAGE SIDING AND TRIM  ,7,B,3CARB,62,3RD CAR GARAGE SIDING AND TRIM  ,1100,Siding,XXXX-62-1100,PPPP,062.000,B,2100,PPPP-062.000-B-2100
062.000 3RD CAR GARAGE SIDING AND TRIM  ,7,B,3CARB,62,3RD CAR GARAGE SIDING AND TRIM  ,1100,Siding,XXXX-62-1100,PPPP,062.000,B,2100,PPPP-062.000-B-2100
062.000 OPT 3CAR EXTERIOR TRIM AND SIDING  ,7,B,3CARB,62,OPT 3CAR EXTERIOR TRIM AND SIDING  ,1100,Siding,XXXX-62-1100,PPPP,062.000,B,2100,PPPP-062.000-B-2100
062.000 3RD CAR GARAGE SIDING AND TRIM  ,7,"B, C, D","3CARB, 3CARC, 3CARD",62,3RD CAR GARAGE SIDING AND TRIM  ,1100,Siding,XXXX-62-1100,PPPP,062.000,BCD,2100,PPPP-062.000-BCD-2100
062.000 3RD CAR GARAGE SIDING AND TRIM  ,7,"B, D","3CARB, 3CARD",62,3RD CAR GARAGE SIDING AND TRIM  ,1100,Siding,XXXX-62-1100,PPPP,062.000,BD,2100,PPPP-062.000-BD-2100
062.000 3RD CAR GARAGE SIDING AND TRIM  ,7,C,3CARC,62,3RD CAR GARAGE SIDING AND TRIM  ,1100,Siding,XXXX-62-1100,PPPP,062.000,C,2100,PPPP-062.000-C-2100
062.000 3RD CAR GARAGE SIDING AND TRIM  ,7,C,3CARC,62,3RD CAR GARAGE SIDING AND TRIM  ,1100,Siding,XXXX-62-1100,PPPP,062.000,C,2100,PPPP-062.000-C-2100
062.000 3RD CAR GARAGE SIDING AND TRIM  ,7,C,3CARC,62,3RD CAR GARAGE SIDING AND TRIM  ,1100,Siding,XXXX-62-1100,PPPP,062.000,C,2100,PPPP-062.000-C-2100
062.000 OPT 3CAR EXTERIOR TRIM AND SIDING  ,7,C,3CARC,62,OPT 3CAR EXTERIOR TRIM AND SIDING  ,1100,Siding,XXXX-62-1100,PPPP,062.000,C,2100,PPPP-062.000-C-2100
062.000 3RD CAR GARAGE SIDING AND TRIM  ,7,D,3CARD,62,3RD CAR GARAGE SIDING AND TRIM  ,1100,Siding,XXXX-62-1100,PPPP,062.000,D,2100,PPPP-062.000-D-2100
062.005 OPT EXTENDED GARAGE SIDING    ,7,,2CAR4XA,62.2x,OPT EXTENDED GARAGE SIDING    ,1100,Siding,XXXX-62.2x-1100,PPPP,062.005,**,2100,PPPP-062.005-**-2100
062.005 OPT EXTENDED GARAGE SIDING    ,7,,2CAR4XB,62.2x,OPT EXTENDED GARAGE SIDING    ,1100,Siding,XXXX-62.2x-1100,PPPP,062.005,**,2100,PPPP-062.005-**-2100
062.005 OPT EXTENDED GARAGE SIDING    ,7,,2CAR4XC,62.2x,OPT EXTENDED GARAGE SIDING    ,1100,Siding,XXXX-62.2x-1100,PPPP,062.005,**,2100,PPPP-062.005-**-2100
063.000 COVERED PATIO SIDING     ,7,,COVP,63,COVERED PATIO SIDING     ,1100,Siding,XXXX-63-1100,PPPP,063.000,**,2100,PPPP-063.000-**-2100
063.119 COVERED DECK PATIO HOUSEWRAP    ,6,,COVP,63.1,COVERED DECK PATIO HOUSEWRAP    ,1100,Siding,XXXX-63.1-1100,PPPP,063.119,**,2100,PPPP-063.119-**-2100
063.100 COVERED PATIO 1 SIDING    ,7,,COVP,63.1,COVERED PATIO 1 SIDING    ,1100,Siding,XXXX-63.1-1100,PPPP,063.100,**,2100,PPPP-063.100-**-2100
063.119 COVERED PATIO HOUSEWRAP     ,6,,COVP,63.1,COVERED PATIO HOUSEWRAP     ,1100,Siding,XXXX-63.1-1100,PPPP,063.119,**,2100,PPPP-063.119-**-2100
063.100 OPT COVERED PATIO 1 SIDING   ,7,,COVP,63.1,OPT COVERED PATIO 1 SIDING   ,1100,Siding,XXXX-63.1-1100,PPPP,063.100,**,2100,PPPP-063.100-**-2100
063.100 OPT COVERED PATIO 1 SIDING   ,7,"A, B, C",COVP,63.1,OPT COVERED PATIO 1 SIDING   ,1100,Siding,XXXX-63.1-1100,PPPP,063.100,ABC,2100,PPPP-063.100-ABC-2100
063.100 OPT COVERED PATIO SIDING    ,7,,COVP,63.1,OPT COVERED PATIO SIDING    ,1100,Siding,XXXX-63.1-1100,PPPP,063.100,**,2100,PPPP-063.100-**-2100
063.107 OPT COVERED PATIO POST WRAP   ,7 or 8,,COVP,63.1p,OPT COVERED PATIO POST WRAP   ,1100,Siding,XXXX-63.1p-1100,PPPP,063.107,**,2100,PPPP-063.107-**-2100
063.200 COVERED PATIO 2 SIDING    ,7,,COVP2,63.2,COVERED PATIO 2 SIDING    ,1100,Siding,XXXX-63.2-1100,PPPP,063.200,**,2100,PPPP-063.200-**-2100
063.207 COVERED PATIO 2 POST WRAP   ,7 or 8,,COVP2,63.2p,COVERED PATIO 2 POST WRAP   ,1100,Siding,XXXX-63.2p-1100,PPPP,063.207,**,2100,PPPP-063.207-**-2100
063.207 COVERED PATIO 2 POST WRAP   ,7 or 8,,COVP2,63.2p,COVERED PATIO 2 POST WRAP   ,1100,Siding,XXXX-63.2p-1100,PPPP,063.207,**,2100,PPPP-063.207-**-2100
063.300 OPT COVERED PATIO SIDING    ,7,,COVP3,63.3,OPT COVERED PATIO SIDING    ,1100,Siding,XXXX-63.3-1100,PPPP,063.300,**,2100,PPPP-063.300-**-2100
063.307 COVERED PATIO 2 POST WRAP   ,7 or 8,,COVP3,63.3p,COVERED PATIO 2 POST WRAP   ,1100,Siding,XXXX-63.3p-1100,PPPP,063.307,**,2100,PPPP-063.307-**-2100
063.307 OPT COVERED PATIO POST WRAP   ,7 or 8,,COVP3,63.3p,OPT COVERED PATIO POST WRAP   ,1100,Siding,XXXX-63.3p-1100,PPPP,063.307,**,2100,PPPP-063.307-**-2100
063.610 COVERED PATIO SUNROOM SIDING    ,7,,COVPSN1,63.61,COVERED PATIO SUNROOM SIDING    ,1100,Siding,XXXX-63.61-1100,PPPP,063.610,**,2100,PPPP-063.610-**-2100
063.610 COVERED PATIO SUNROOM POST WRAP   ,7 or 8,,COVP,63.61,COVERED PATIO SUNROOM POST WRAP   ,1100,Siding,XXXX-63.61-1100,PPPP,063.610,**,2100,PPPP-063.610-**-2100
063.007 COVERED PATIO POST WRAP    ,7,,COVP,63.pw,COVERED PATIO POST WRAP    ,1100,Siding,XXXX-63.pw-1100,PPPP,063.007,**,2100,PPPP-063.007-**-2100
063.006 COVERED PATIO @ SUNROOM SIDING   ,7,,"COVPSN1, COVD1SN",63.sr,COVERED PATIO @ SUNROOM SIDING   ,1100,Siding,XXXX-63.sr-1100,PPPP,063.006,**,2100,PPPP-063.006-**-2100
063.005 EXTENDED COVERED PATIO SIDING    ,7,,COVPX,63.xc,EXTENDED COVERED PATIO SIDING    ,1100,Siding,XXXX-63.xc-1100,PPPP,063.005,**,2100,PPPP-063.005-**-2100
065.100 OPT COVERED DECK SIDING    ,7,,COVD,65.1,OPT COVERED DECK SIDING    ,1100,Siding,XXXX-65.1-1100,PPPP,065.100,**,2100,PPPP-065.100-**-2100
065.107 OPT COVERED DECK POST WRAP   ,7 or 8,,COVD,65.1p,OPT COVERED DECK POST WRAP   ,1100,Siding,XXXX-65.1p-1100,PPPP,065.107,**,2100,PPPP-065.107-**-2100
065.200 COVERED DECK 2 SIDING    ,7,,COVD2,65.2,COVERED DECK 2 SIDING    ,1100,Siding,XXXX-65.2-1100,PPPP,065.200,**,2100,PPPP-065.200-**-2100
065.207 COVERED DECK 2 POST WRAP   ,7,,COVD2,65.2p,COVERED DECK 2 POST WRAP   ,1100,Siding,XXXX-65.2p-1100,PPPP,065.207,**,2100,PPPP-065.207-**-2100
065.300 OPT COVERED DECK SIDING    ,7,,COVD3,65.3,OPT COVERED DECK SIDING    ,1100,Siding,XXXX-65.3-1100,PPPP,065.300,**,2100,PPPP-065.300-**-2100
065.307 OPT COVERED DECK POST WRAP   ,7 or 8,,COVD3,65.3p,OPT COVERED DECK POST WRAP   ,1100,Siding,XXXX-65.3p-1100,PPPP,065.307,**,2100,PPPP-065.307-**-2100
074.100 DECK SURFACE & RAIL    ,8 or 9,,DECK,74.1,DECK SURFACE & RAIL    ,1100,Siding,XXXX-74.1-1100,PPPP,074.100,**,2100,PPPP-074.100-**-2100
074.200 DECK SURFACE & RAIL    ,8 or 9,,DECK2,74.2,DECK SURFACE & RAIL    ,1100,Siding,XXXX-74.2-1100,PPPP,074.200,**,2100,PPPP-074.200-**-2100
074.300 DECK SURFACE & RAIL    ,8 or 9,,DECK3,74.3,DECK SURFACE & RAIL    ,1100,Siding,XXXX-74.3-1100,PPPP,074.300,**,2100,PPPP-074.300-**-2100
074.605 DECK SURFACE & RAIL @ EXT GRT RM,8 or 9,,"XGREAT, COVD2, WO2",74.6,DECK SURFACE & RAIL @ EXT GRT RM,1100,Siding,XXXX-74.6-1100,PPPP,074.605,**,2100,PPPP-074.605-**-2100
074.005 EXT DECK SURFACE & RAIL   ,8 or 9,,"COVD2, WO",74.ed,EXT DECK SURFACE & RAIL   ,1100,Siding,XXXX-74.ed-1100,PPPP,074.005,**,2100,PPPP-074.005-**-2100
075.100 DECK SURFACE & RAIL    ,8 or 9,,COVD,75.1,DECK SURFACE & RAIL    ,1100,Siding,XXXX-75.1-1100,PPPP,075.100,**,2100,PPPP-075.100-**-2100
075.118 STAIRS SURFACE & RAIL    ,8 or 9,,COVD,75.1s,STAIRS SURFACE & RAIL    ,1100,Siding,XXXX-75.1s-1100,PPPP,075.118,**,2100,PPPP-075.118-**-2100
075.200 DECK SURFACE & RAIL    ,8 or 9,,COVD2,75.2,DECK SURFACE & RAIL    ,1100,Siding,XXXX-75.2-1100,PPPP,075.200,**,2100,PPPP-075.200-**-2100
075.218 STAIRS SURFACE & RAIL    ,8 or 9,,COVD2,75.2s,STAIRS SURFACE & RAIL    ,1100,Siding,XXXX-75.2s-1100,PPPP,075.218,**,2100,PPPP-075.218-**-2100
075.300 DECK SURFACE & RAIL    ,8 or 9,,COVD3,75.3,DECK SURFACE & RAIL    ,1100,Siding,XXXX-75.3-1100,PPPP,075.300,**,2100,PPPP-075.300-**-2100
075.908 DECK SURFACE & RAIL    ,8 or 9,,TALLCRWL,75.tc,DECK SURFACE & RAIL    ,1100,Siding,XXXX-75.tc-1100,PPPP,075.908,**,2100,PPPP-075.908-**-2100
